Backup started at: 10-19-2024-14-00-26
Source: C:\Program Files (x86)\Steam\steamapps\common\GarrysMod\garrysmod\data
Destination: backup-10-19-2024-14-00-26

Created folder: backup-10-19-2024-14-00-26\advancedtoolgun
Created folder: backup-10-19-2024-14-00-26\advdupe2
Created folder: backup-10-19-2024-14-00-26\advremover
Created folder: backup-10-19-2024-14-00-26\ants_server_enhancements
Created folder: backup-10-19-2024-14-00-26\arccw_presets
Created folder: backup-10-19-2024-14-00-26\background_npcs
Created folder: backup-10-19-2024-14-00-26\blueprints2
Created folder: backup-10-19-2024-14-00-26\cache
Created folder: backup-10-19-2024-14-00-26\cpuchip
Created folder: backup-10-19-2024-14-00-26\custom_chat
Created folder: backup-10-19-2024-14-00-26\decentvehicle
Created folder: backup-10-19-2024-14-00-26\e2files
Created folder: backup-10-19-2024-14-00-26\easychat
Created folder: backup-10-19-2024-14-00-26\elevators
Created folder: backup-10-19-2024-14-00-26\expression2
Created folder: backup-10-19-2024-14-00-26\fpgachip
Created folder: backup-10-19-2024-14-00-26\gminimap
Created folder: backup-10-19-2024-14-00-26\gpuchip
Created folder: backup-10-19-2024-14-00-26\gredwitch_base_cache
Created folder: backup-10-19-2024-14-00-26\hitnumbers
Created folder: backup-10-19-2024-14-00-26\hl2hud
Created folder: backup-10-19-2024-14-00-26\materialurl_materials
Created folder: backup-10-19-2024-14-00-26\nnt-antiafk
Created folder: backup-10-19-2024-14-00-26\notepad
Created folder: backup-10-19-2024-14-00-26\ogl
Created folder: backup-10-19-2024-14-00-26\p2m
Created folder: backup-10-19-2024-14-00-26\p2m_cache
Created folder: backup-10-19-2024-14-00-26\pac3
Created folder: backup-10-19-2024-14-00-26\pac3_cache
Created folder: backup-10-19-2024-14-00-26\saved_vehicles
Created folder: backup-10-19-2024-14-00-26\sf_filedata
Created folder: backup-10-19-2024-14-00-26\sf_filedatatemp
Created folder: backup-10-19-2024-14-00-26\soundlists
Created folder: backup-10-19-2024-14-00-26\spuchip
Created folder: backup-10-19-2024-14-00-26\starfall
Created folder: backup-10-19-2024-14-00-26\stormfox
Created folder: backup-10-19-2024-14-00-26\stormfox2
Created folder: backup-10-19-2024-14-00-26\streamradio
Created folder: backup-10-19-2024-14-00-26\svmod
Created folder: backup-10-19-2024-14-00-26\trackassembly
Created folder: backup-10-19-2024-14-00-26\ulib
Created folder: backup-10-19-2024-14-00-26\ulx
Created folder: backup-10-19-2024-14-00-26\ulx_logs
Created folder: backup-10-19-2024-14-00-26\vcmod
Created folder: backup-10-19-2024-14-00-26\vrmod
Created folder: backup-10-19-2024-14-00-26\wire_extras
Copied file: C:\Program Files (x86)\Steam\steamapps\common\GarrysMod\garrysmod\data\ad2temp.txt
Copied file: C:\Program Files (x86)\Steam\steamapps\common\GarrysMod\garrysmod\data\aritzddsettings.txt
Copied file: C:\Program Files (x86)\Steam\steamapps\common\GarrysMod\garrysmod\data\cbhtrainscontrolsv3.txt
Copied file: C:\Program Files (x86)\Steam\steamapps\common\GarrysMod\garrysmod\data\custom_loadout.txt
Copied file: C:\Program Files (x86)\Steam\steamapps\common\GarrysMod\garrysmod\data\gb-radial-config-tools_2014.txt
Copied file: C:\Program Files (x86)\Steam\steamapps\common\GarrysMod\garrysmod\data\gb-radial-config_2014.txt
Copied file: C:\Program Files (x86)\Steam\steamapps\common\GarrysMod\garrysmod\data\gb-radial-tool-presets_2014.txt
Copied file: C:\Program Files (x86)\Steam\steamapps\common\GarrysMod\garrysmod\data\gredwitch_base_config_sv.txt
Copied file: C:\Program Files (x86)\Steam\steamapps\common\GarrysMod\garrysmod\data\lvs_hud_settings.txt
Copied file: C:\Program Files (x86)\Steam\steamapps\common\GarrysMod\garrysmod\data\materialurl_favorites.txt
Copied file: C:\Program Files (x86)\Steam\steamapps\common\GarrysMod\garrysmod\data\notepad.txt
Copied file: C:\Program Files (x86)\Steam\steamapps\common\GarrysMod\garrysmod\data\pac_webaudio2_blankhtml.txt
Copied file: C:\Program Files (x86)\Steam\steamapps\common\GarrysMod\garrysmod\data\scarcam.txt
Copied file: C:\Program Files (x86)\Steam\steamapps\common\GarrysMod\garrysmod\data\scarhud.txt
Copied file: C:\Program Files (x86)\Steam\steamapps\common\GarrysMod\garrysmod\data\scarkeybindings.txt
Copied file: C:\Program Files (x86)\Steam\steamapps\common\GarrysMod\garrysmod\data\scarradiochannels.txt
Copied file: C:\Program Files (x86)\Steam\steamapps\common\GarrysMod\garrysmod\data\scar_errorlog_sv.txt
Copied file: C:\Program Files (x86)\Steam\steamapps\common\GarrysMod\garrysmod\data\sf_buffer.txt
Copied file: C:\Program Files (x86)\Steam\steamapps\common\GarrysMod\garrysmod\data\sf_perms2_cl.txt
Copied file: C:\Program Files (x86)\Steam\steamapps\common\GarrysMod\garrysmod\data\sf_perms2_sv.txt
Copied file: C:\Program Files (x86)\Steam\steamapps\common\GarrysMod\garrysmod\data\smartsnap_offsets_custom.png
Copied file: C:\Program Files (x86)\Steam\steamapps\common\GarrysMod\garrysmod\data\zippygore3_saved_cvars.json
Copied file: C:\Program Files (x86)\Steam\steamapps\common\GarrysMod\garrysmod\data\advancedtoolgun\favorites.json
Created folder: backup-10-19-2024-14-00-26\advdupe2\compact vehicle hud and lights
Copied file: C:\Program Files (x86)\Steam\steamapps\common\GarrysMod\garrysmod\data\advdupe2\airport.txt
Copied file: C:\Program Files (x86)\Steam\steamapps\common\GarrysMod\garrysmod\data\advdupe2\airportbently.txt
Copied file: C:\Program Files (x86)\Steam\steamapps\common\GarrysMod\garrysmod\data\advdupe2\artillery cannon.txt
Copied file: C:\Program Files (x86)\Steam\steamapps\common\GarrysMod\garrysmod\data\advdupe2\atc tower.txt
Copied file: C:\Program Files (x86)\Steam\steamapps\common\GarrysMod\garrysmod\data\advdupe2\aux train engine.txt
Copied file: C:\Program Files (x86)\Steam\steamapps\common\GarrysMod\garrysmod\data\advdupe2\aux train engine_001.txt
Copied file: C:\Program Files (x86)\Steam\steamapps\common\GarrysMod\garrysmod\data\advdupe2\aux train engine_002.txt
Copied file: C:\Program Files (x86)\Steam\steamapps\common\GarrysMod\garrysmod\data\advdupe2\basement.txt
Copied file: C:\Program Files (x86)\Steam\steamapps\common\GarrysMod\garrysmod\data\advdupe2\bomb pop train engine.txt
Copied file: C:\Program Files (x86)\Steam\steamapps\common\GarrysMod\garrysmod\data\advdupe2\bomb pop v2.txt
Copied file: C:\Program Files (x86)\Steam\steamapps\common\GarrysMod\garrysmod\data\advdupe2\bomb pop v2_001.txt
Copied file: C:\Program Files (x86)\Steam\steamapps\common\GarrysMod\garrysmod\data\advdupe2\box car.txt
Copied file: C:\Program Files (x86)\Steam\steamapps\common\GarrysMod\garrysmod\data\advdupe2\box trailer semi.txt
Copied file: C:\Program Files (x86)\Steam\steamapps\common\GarrysMod\garrysmod\data\advdupe2\box trailer semi_001.txt
Copied file: C:\Program Files (x86)\Steam\steamapps\common\GarrysMod\garrysmod\data\advdupe2\building 2.txt
Copied file: C:\Program Files (x86)\Steam\steamapps\common\GarrysMod\garrysmod\data\advdupe2\building.txt
Copied file: C:\Program Files (x86)\Steam\steamapps\common\GarrysMod\garrysmod\data\advdupe2\coach.txt
Copied file: C:\Program Files (x86)\Steam\steamapps\common\GarrysMod\garrysmod\data\advdupe2\coach5.txt
Copied file: C:\Program Files (x86)\Steam\steamapps\common\GarrysMod\garrysmod\data\advdupe2\colorado_s19_banner.txt
Copied file: C:\Program Files (x86)\Steam\steamapps\common\GarrysMod\garrysmod\data\advdupe2\flatbed trailer semi.txt
Copied file: C:\Program Files (x86)\Steam\steamapps\common\GarrysMod\garrysmod\data\advdupe2\gondola.txt
Copied file: C:\Program Files (x86)\Steam\steamapps\common\GarrysMod\garrysmod\data\advdupe2\helper engine.txt
Copied file: C:\Program Files (x86)\Steam\steamapps\common\GarrysMod\garrysmod\data\advdupe2\helper engine_001.txt
Copied file: C:\Program Files (x86)\Steam\steamapps\common\GarrysMod\garrysmod\data\advdupe2\hopper.txt
Copied file: C:\Program Files (x86)\Steam\steamapps\common\GarrysMod\garrysmod\data\advdupe2\limited power.txt
Copied file: C:\Program Files (x86)\Steam\steamapps\common\GarrysMod\garrysmod\data\advdupe2\new box semi trailer.txt
Copied file: C:\Program Files (x86)\Steam\steamapps\common\GarrysMod\garrysmod\data\advdupe2\new box semi trailer_001.txt
Copied file: C:\Program Files (x86)\Steam\steamapps\common\GarrysMod\garrysmod\data\advdupe2\new box semi trailer_002.txt
Copied file: C:\Program Files (x86)\Steam\steamapps\common\GarrysMod\garrysmod\data\advdupe2\plug light.txt
Copied file: C:\Program Files (x86)\Steam\steamapps\common\GarrysMod\garrysmod\data\advdupe2\popcicle train car passenger.txt
Copied file: C:\Program Files (x86)\Steam\steamapps\common\GarrysMod\garrysmod\data\advdupe2\popcicle train engine couple.txt
Copied file: C:\Program Files (x86)\Steam\steamapps\common\GarrysMod\garrysmod\data\advdupe2\popcicle train engine couple_001.txt
Copied file: C:\Program Files (x86)\Steam\steamapps\common\GarrysMod\garrysmod\data\advdupe2\popcicle train engine couple_002.txt
Copied file: C:\Program Files (x86)\Steam\steamapps\common\GarrysMod\garrysmod\data\advdupe2\popcicle train engine rsg.txt
Copied file: C:\Program Files (x86)\Steam\steamapps\common\GarrysMod\garrysmod\data\advdupe2\popcicle train engine.txt
Copied file: C:\Program Files (x86)\Steam\steamapps\common\GarrysMod\garrysmod\data\advdupe2\popcicle train engine_001.txt
Copied file: C:\Program Files (x86)\Steam\steamapps\common\GarrysMod\garrysmod\data\advdupe2\popcicle train engine_002.txt
Copied file: C:\Program Files (x86)\Steam\steamapps\common\GarrysMod\garrysmod\data\advdupe2\popcicle train engine_003.txt
Copied file: C:\Program Files (x86)\Steam\steamapps\common\GarrysMod\garrysmod\data\advdupe2\popcicle train engine_004.txt
Copied file: C:\Program Files (x86)\Steam\steamapps\common\GarrysMod\garrysmod\data\advdupe2\popcicle train engine_005.txt
Copied file: C:\Program Files (x86)\Steam\steamapps\common\GarrysMod\garrysmod\data\advdupe2\popcicle train engine_006.txt
Copied file: C:\Program Files (x86)\Steam\steamapps\common\GarrysMod\garrysmod\data\advdupe2\popcicle train engine_007.txt
Copied file: C:\Program Files (x86)\Steam\steamapps\common\GarrysMod\garrysmod\data\advdupe2\popcicle train engine_008.txt
Copied file: C:\Program Files (x86)\Steam\steamapps\common\GarrysMod\garrysmod\data\advdupe2\popcicle train engine_009.txt
Copied file: C:\Program Files (x86)\Steam\steamapps\common\GarrysMod\garrysmod\data\advdupe2\popcicle train engine_010.txt
Copied file: C:\Program Files (x86)\Steam\steamapps\common\GarrysMod\garrysmod\data\advdupe2\popcicle train engine_011.txt
Copied file: C:\Program Files (x86)\Steam\steamapps\common\GarrysMod\garrysmod\data\advdupe2\popcicle train engine_012.txt
Copied file: C:\Program Files (x86)\Steam\steamapps\common\GarrysMod\garrysmod\data\advdupe2\popcicle train engine_013.txt
Copied file: C:\Program Files (x86)\Steam\steamapps\common\GarrysMod\garrysmod\data\advdupe2\popcicle train engine_014.txt
Copied file: C:\Program Files (x86)\Steam\steamapps\common\GarrysMod\garrysmod\data\advdupe2\popcicle train engine_015.txt
Copied file: C:\Program Files (x86)\Steam\steamapps\common\GarrysMod\garrysmod\data\advdupe2\power level test_001.txt
Copied file: C:\Program Files (x86)\Steam\steamapps\common\GarrysMod\garrysmod\data\advdupe2\respawn chamber with security measures.txt
Copied file: C:\Program Files (x86)\Steam\steamapps\common\GarrysMod\garrysmod\data\advdupe2\rewheeler.txt
Copied file: C:\Program Files (x86)\Steam\steamapps\common\GarrysMod\garrysmod\data\advdupe2\road work sign.txt
Copied file: C:\Program Files (x86)\Steam\steamapps\common\GarrysMod\garrysmod\data\advdupe2\runway numbers.txt
Copied file: C:\Program Files (x86)\Steam\steamapps\common\GarrysMod\garrysmod\data\advdupe2\runway.txt
Copied file: C:\Program Files (x86)\Steam\steamapps\common\GarrysMod\garrysmod\data\advdupe2\save.txt
Copied file: C:\Program Files (x86)\Steam\steamapps\common\GarrysMod\garrysmod\data\advdupe2\subzero_grand_arena_v6.txt
Copied file: C:\Program Files (x86)\Steam\steamapps\common\GarrysMod\garrysmod\data\advdupe2\tanker.txt
Copied file: C:\Program Files (x86)\Steam\steamapps\common\GarrysMod\garrysmod\data\advdupe2\taxiway dual turn.txt
Copied file: C:\Program Files (x86)\Steam\steamapps\common\GarrysMod\garrysmod\data\advdupe2\taxiway single turn.txt
Copied file: C:\Program Files (x86)\Steam\steamapps\common\GarrysMod\garrysmod\data\advdupe2\trailer jack.txt
Copied file: C:\Program Files (x86)\Steam\steamapps\common\GarrysMod\garrysmod\data\advdupe2\truck n trailer.txt
Copied file: C:\Program Files (x86)\Steam\steamapps\common\GarrysMod\garrysmod\data\advdupe2\vehicle lights and hud.txt
Copied file: C:\Program Files (x86)\Steam\steamapps\common\GarrysMod\garrysmod\data\advdupe2\vehicle lights and hud_001.txt
Copied file: C:\Program Files (x86)\Steam\steamapps\common\GarrysMod\garrysmod\data\advdupe2\vehicle lights and hud_002.txt
Copied file: C:\Program Files (x86)\Steam\steamapps\common\GarrysMod\garrysmod\data\advdupe2\vehicle lights and hud_003.txt
Copied file: C:\Program Files (x86)\Steam\steamapps\common\GarrysMod\garrysmod\data\advdupe2\wallhack.txt
Copied file: C:\Program Files (x86)\Steam\steamapps\common\GarrysMod\garrysmod\data\advdupe2\waste removal facility.txt
Copied file: C:\Program Files (x86)\Steam\steamapps\common\GarrysMod\garrysmod\data\advdupe2\waste removal facility_001.txt
Copied file: C:\Program Files (x86)\Steam\steamapps\common\GarrysMod\garrysmod\data\advdupe2\waste removal facility_002.txt
Copied file: C:\Program Files (x86)\Steam\steamapps\common\GarrysMod\garrysmod\data\advdupe2\waste removal facility_003.txt
Copied file: C:\Program Files (x86)\Steam\steamapps\common\GarrysMod\garrysmod\data\advdupe2\compact vehicle hud and lights\v1.txt
Copied file: C:\Program Files (x86)\Steam\steamapps\common\GarrysMod\garrysmod\data\advdupe2\compact vehicle hud and lights\v2.txt
Copied file: C:\Program Files (x86)\Steam\steamapps\common\GarrysMod\garrysmod\data\ants_server_enhancements\renderdistance.txt
Created folder: backup-10-19-2024-14-00-26\arccw_presets\arccw_g18
Created folder: backup-10-19-2024-14-00-26\arccw_presets\arccw_go_m249para
Created folder: backup-10-19-2024-14-00-26\arccw_presets\arccw_go_mac10
Created folder: backup-10-19-2024-14-00-26\arccw_presets\arccw_go_mag7
Created folder: backup-10-19-2024-14-00-26\arccw_presets\arccw_go_mp5
Created folder: backup-10-19-2024-14-00-26\arccw_presets\arccw_go_negev
Created folder: backup-10-19-2024-14-00-26\arccw_presets\arccw_go_p90
Created folder: backup-10-19-2024-14-00-26\arccw_presets\arccw_go_scar
Created folder: backup-10-19-2024-14-00-26\arccw_presets\arccw_go_taser
Created folder: backup-10-19-2024-14-00-26\arccw_presets\arccw_minigun
Created folder: backup-10-19-2024-14-00-26\arccw_presets\arccw_rpg7
Created folder: backup-10-19-2024-14-00-26\arccw_presets\arccw_uc_usp
Created folder: backup-10-19-2024-14-00-26\arccw_presets\arccw_ud_870
Created folder: backup-10-19-2024-14-00-26\arccw_presets\arccw_ud_glock
Created folder: backup-10-19-2024-14-00-26\arccw_presets\arccw_ud_m1014
Created folder: backup-10-19-2024-14-00-26\arccw_presets\arccw_ud_m16
Created folder: backup-10-19-2024-14-00-26\arccw_presets\arccw_ud_m79
Created folder: backup-10-19-2024-14-00-26\arccw_presets\arccw_ud_mini14
Created folder: backup-10-19-2024-14-00-26\arccw_presets\arccw_ud_uzi
Created folder: backup-10-19-2024-14-00-26\arccw_presets\arccw_ur_329
Created folder: backup-10-19-2024-14-00-26\arccw_presets\arccw_ur_ak
Created folder: backup-10-19-2024-14-00-26\arccw_presets\arccw_ur_aw
Created folder: backup-10-19-2024-14-00-26\arccw_presets\arccw_ur_db
Created folder: backup-10-19-2024-14-00-26\arccw_presets\arccw_ur_deagle
Created folder: backup-10-19-2024-14-00-26\arccw_presets\arccw_ur_m1911
Created folder: backup-10-19-2024-14-00-26\arccw_presets\arccw_ur_mp5
Created folder: backup-10-19-2024-14-00-26\arccw_presets\arccw_ur_spas12
Created folder: backup-10-19-2024-14-00-26\arccw_presets\arccw_welrod
Copied file: C:\Program Files (x86)\Steam\steamapps\common\GarrysMod\garrysmod\data\arccw_presets\arccw_g18\autosave.json
Copied file: C:\Program Files (x86)\Steam\steamapps\common\GarrysMod\garrysmod\data\arccw_presets\arccw_go_m249para\autosave.json
Copied file: C:\Program Files (x86)\Steam\steamapps\common\GarrysMod\garrysmod\data\arccw_presets\arccw_go_mac10\autosave.json
Copied file: C:\Program Files (x86)\Steam\steamapps\common\GarrysMod\garrysmod\data\arccw_presets\arccw_go_mag7\autosave.json
Copied file: C:\Program Files (x86)\Steam\steamapps\common\GarrysMod\garrysmod\data\arccw_presets\arccw_go_mp5\autosave.json
Copied file: C:\Program Files (x86)\Steam\steamapps\common\GarrysMod\garrysmod\data\arccw_presets\arccw_go_negev\autosave.json
Copied file: C:\Program Files (x86)\Steam\steamapps\common\GarrysMod\garrysmod\data\arccw_presets\arccw_go_p90\autosave.json
Copied file: C:\Program Files (x86)\Steam\steamapps\common\GarrysMod\garrysmod\data\arccw_presets\arccw_go_scar\autosave.json
Copied file: C:\Program Files (x86)\Steam\steamapps\common\GarrysMod\garrysmod\data\arccw_presets\arccw_go_taser\autosave.json
Copied file: C:\Program Files (x86)\Steam\steamapps\common\GarrysMod\garrysmod\data\arccw_presets\arccw_minigun\autosave.json
Copied file: C:\Program Files (x86)\Steam\steamapps\common\GarrysMod\garrysmod\data\arccw_presets\arccw_rpg7\autosave.json
Copied file: C:\Program Files (x86)\Steam\steamapps\common\GarrysMod\garrysmod\data\arccw_presets\arccw_uc_usp\autosave.json
Copied file: C:\Program Files (x86)\Steam\steamapps\common\GarrysMod\garrysmod\data\arccw_presets\arccw_ud_870\autosave.json
Copied file: C:\Program Files (x86)\Steam\steamapps\common\GarrysMod\garrysmod\data\arccw_presets\arccw_ud_glock\autosave.json
Copied file: C:\Program Files (x86)\Steam\steamapps\common\GarrysMod\garrysmod\data\arccw_presets\arccw_ud_glock\custom.json
Copied file: C:\Program Files (x86)\Steam\steamapps\common\GarrysMod\garrysmod\data\arccw_presets\arccw_ud_glock\dogshit.json
Copied file: C:\Program Files (x86)\Steam\steamapps\common\GarrysMod\garrysmod\data\arccw_presets\arccw_ud_m1014\autosave.json
Copied file: C:\Program Files (x86)\Steam\steamapps\common\GarrysMod\garrysmod\data\arccw_presets\arccw_ud_m16\autosave.json
Copied file: C:\Program Files (x86)\Steam\steamapps\common\GarrysMod\garrysmod\data\arccw_presets\arccw_ud_m16\loadout 1.json
Copied file: C:\Program Files (x86)\Steam\steamapps\common\GarrysMod\garrysmod\data\arccw_presets\arccw_ud_m79\autosave.json
Copied file: C:\Program Files (x86)\Steam\steamapps\common\GarrysMod\garrysmod\data\arccw_presets\arccw_ud_mini14\autosave.json
Copied file: C:\Program Files (x86)\Steam\steamapps\common\GarrysMod\garrysmod\data\arccw_presets\arccw_ud_uzi\autosave.json
Copied file: C:\Program Files (x86)\Steam\steamapps\common\GarrysMod\garrysmod\data\arccw_presets\arccw_ud_uzi\preset 1.json
Copied file: C:\Program Files (x86)\Steam\steamapps\common\GarrysMod\garrysmod\data\arccw_presets\arccw_ud_uzi\stock.json
Copied file: C:\Program Files (x86)\Steam\steamapps\common\GarrysMod\garrysmod\data\arccw_presets\arccw_ur_329\autosave.json
Copied file: C:\Program Files (x86)\Steam\steamapps\common\GarrysMod\garrysmod\data\arccw_presets\arccw_ur_ak\akm 1.json
Copied file: C:\Program Files (x86)\Steam\steamapps\common\GarrysMod\garrysmod\data\arccw_presets\arccw_ur_ak\autosave.json
Copied file: C:\Program Files (x86)\Steam\steamapps\common\GarrysMod\garrysmod\data\arccw_presets\arccw_ur_ak\default.json
Copied file: C:\Program Files (x86)\Steam\steamapps\common\GarrysMod\garrysmod\data\arccw_presets\arccw_ur_aw\autosave.json
Copied file: C:\Program Files (x86)\Steam\steamapps\common\GarrysMod\garrysmod\data\arccw_presets\arccw_ur_aw\awp 1.json
Copied file: C:\Program Files (x86)\Steam\steamapps\common\GarrysMod\garrysmod\data\arccw_presets\arccw_ur_aw\default.json
Copied file: C:\Program Files (x86)\Steam\steamapps\common\GarrysMod\garrysmod\data\arccw_presets\arccw_ur_db\autosave.json
Copied file: C:\Program Files (x86)\Steam\steamapps\common\GarrysMod\garrysmod\data\arccw_presets\arccw_ur_deagle\autosave.json
Copied file: C:\Program Files (x86)\Steam\steamapps\common\GarrysMod\garrysmod\data\arccw_presets\arccw_ur_deagle\deagle 1.json
Copied file: C:\Program Files (x86)\Steam\steamapps\common\GarrysMod\garrysmod\data\arccw_presets\arccw_ur_deagle\default.json
Copied file: C:\Program Files (x86)\Steam\steamapps\common\GarrysMod\garrysmod\data\arccw_presets\arccw_ur_m1911\autosave.json
Copied file: C:\Program Files (x86)\Steam\steamapps\common\GarrysMod\garrysmod\data\arccw_presets\arccw_ur_mp5\autosave.json
Copied file: C:\Program Files (x86)\Steam\steamapps\common\GarrysMod\garrysmod\data\arccw_presets\arccw_ur_mp5\creation.json
Copied file: C:\Program Files (x86)\Steam\steamapps\common\GarrysMod\garrysmod\data\arccw_presets\arccw_ur_spas12\autosave.json
Copied file: C:\Program Files (x86)\Steam\steamapps\common\GarrysMod\garrysmod\data\arccw_presets\arccw_welrod\autosave.json
Created folder: backup-10-19-2024-14-00-26\background_npcs\nodes
Created folder: backup-10-19-2024-14-00-26\background_npcs\seats
Copied file: C:\Program Files (x86)\Steam\steamapps\common\GarrysMod\garrysmod\data\background_npcs\poll.txt
Copied file: C:\Program Files (x86)\Steam\steamapps\common\GarrysMod\garrysmod\data\background_npcs\version.txt
Copied file: C:\Program Files (x86)\Steam\steamapps\common\GarrysMod\garrysmod\data\background_npcs\nodes\gm_bigcity.dat
Copied file: C:\Program Files (x86)\Steam\steamapps\common\GarrysMod\garrysmod\data\background_npcs\nodes\gm_bigcity_improved.dat
Copied file: C:\Program Files (x86)\Steam\steamapps\common\GarrysMod\garrysmod\data\background_npcs\nodes\gm_bigcity_sh.dat
Copied file: C:\Program Files (x86)\Steam\steamapps\common\GarrysMod\garrysmod\data\background_npcs\nodes\gm_construct.dat
Copied file: C:\Program Files (x86)\Steam\steamapps\common\GarrysMod\garrysmod\data\background_npcs\nodes\gm_liminal_space.dat
Copied file: C:\Program Files (x86)\Steam\steamapps\common\GarrysMod\garrysmod\data\background_npcs\nodes\gm_ploschadka.dat
Copied file: C:\Program Files (x86)\Steam\steamapps\common\GarrysMod\garrysmod\data\background_npcs\nodes\rp_bangclaw.dat
Copied file: C:\Program Files (x86)\Steam\steamapps\common\GarrysMod\garrysmod\data\background_npcs\nodes\rp_southside.dat
Copied file: C:\Program Files (x86)\Steam\steamapps\common\GarrysMod\garrysmod\data\background_npcs\nodes\rp_southside_day.dat
Copied file: C:\Program Files (x86)\Steam\steamapps\common\GarrysMod\garrysmod\data\background_npcs\seats\gm_bigcity_improved.dat
Copied file: C:\Program Files (x86)\Steam\steamapps\common\GarrysMod\garrysmod\data\background_npcs\seats\gm_construct.dat
Copied file: C:\Program Files (x86)\Steam\steamapps\common\GarrysMod\garrysmod\data\background_npcs\seats\gm_ploschadka.dat
Copied file: C:\Program Files (x86)\Steam\steamapps\common\GarrysMod\garrysmod\data\background_npcs\seats\rp_southside.dat
Copied file: C:\Program Files (x86)\Steam\steamapps\common\GarrysMod\garrysmod\data\background_npcs\seats\rp_southside_day.dat
Created folder: backup-10-19-2024-14-00-26\blueprints2\server
Copied file: C:\Program Files (x86)\Steam\steamapps\common\GarrysMod\garrysmod\data\blueprints2\server\__users.txt
Created folder: backup-10-19-2024-14-00-26\cache\drawutils
Created folder: backup-10-19-2024-14-00-26\cpuchip\e2shared
Copied file: C:\Program Files (x86)\Steam\steamapps\common\GarrysMod\garrysmod\data\cpuchip\_autosave_.txt
Copied file: C:\Program Files (x86)\Steam\steamapps\common\GarrysMod\garrysmod\data\cpuchip\_shutdown_.txt
Copied file: C:\Program Files (x86)\Steam\steamapps\common\GarrysMod\garrysmod\data\cpuchip\_tabs_.txt
Created folder: backup-10-19-2024-14-00-26\custom_chat\themes
Copied file: C:\Program Files (x86)\Steam\steamapps\common\GarrysMod\garrysmod\data\custom_chat\client_config.json
Copied file: C:\Program Files (x86)\Steam\steamapps\common\GarrysMod\garrysmod\data\custom_chat\themes\custom 1.json
Copied file: C:\Program Files (x86)\Steam\steamapps\common\GarrysMod\garrysmod\data\decentvehicle\gm_bigcity.txt
Copied file: C:\Program Files (x86)\Steam\steamapps\common\GarrysMod\garrysmod\data\decentvehicle\gm_bigcity_improved.txt
Copied file: C:\Program Files (x86)\Steam\steamapps\common\GarrysMod\garrysmod\data\decentvehicle\gm_ploschadka.txt
Copied file: C:\Program Files (x86)\Steam\steamapps\common\GarrysMod\garrysmod\data\decentvehicle\version.txt
Created folder: backup-10-19-2024-14-00-26\easychat\emojis
Created folder: backup-10-19-2024-14-00-26\easychat\history
Created folder: backup-10-19-2024-14-00-26\easychat\macros
Copied file: C:\Program Files (x86)\Steam\steamapps\common\GarrysMod\garrysmod\data\easychat\possize.txt
Copied file: C:\Program Files (x86)\Steam\steamapps\common\GarrysMod\garrysmod\data\easychat\tabs.txt
Copied file: C:\Program Files (x86)\Steam\steamapps\common\GarrysMod\garrysmod\data\easychat\transliteration_lookup.json
Created folder: backup-10-19-2024-14-00-26\easychat\emojis\steam
Created folder: backup-10-19-2024-14-00-26\easychat\emojis\twemojis
Copied file: C:\Program Files (x86)\Steam\steamapps\common\GarrysMod\garrysmod\data\easychat\emojis\steam\steam_emoticons.txt
Copied file: C:\Program Files (x86)\Steam\steamapps\common\GarrysMod\garrysmod\data\easychat\emojis\twemojis\twemojis.txt
Copied file: C:\Program Files (x86)\Steam\steamapps\common\GarrysMod\garrysmod\data\easychat\history\admin_history.txt
Copied file: C:\Program Files (x86)\Steam\steamapps\common\GarrysMod\garrysmod\data\easychat\history\global_history.txt
Copied file: C:\Program Files (x86)\Steam\steamapps\common\GarrysMod\garrysmod\data\easychat\macros\drop.txt
Copied file: C:\Program Files (x86)\Steam\steamapps\common\GarrysMod\garrysmod\data\easychat\macros\eyefuck.txt
Copied file: C:\Program Files (x86)\Steam\steamapps\common\GarrysMod\garrysmod\data\easychat\macros\rainbow.txt
Copied file: C:\Program Files (x86)\Steam\steamapps\common\GarrysMod\garrysmod\data\easychat\macros\reee.txt
Copied file: C:\Program Files (x86)\Steam\steamapps\common\GarrysMod\garrysmod\data\elevators\gm_bigcity_improved.txt
Copied file: C:\Program Files (x86)\Steam\steamapps\common\GarrysMod\garrysmod\data\elevators\gm_boreas.txt
Copied file: C:\Program Files (x86)\Steam\steamapps\common\GarrysMod\garrysmod\data\elevators\gm_flatgrass.txt
Copied file: C:\Program Files (x86)\Steam\steamapps\common\GarrysMod\garrysmod\data\elevators\gm_omegagrass.txt
Created folder: backup-10-19-2024-14-00-26\expression2\e2shared
Created folder: backup-10-19-2024-14-00-26\expression2\magspack2
Created folder: backup-10-19-2024-14-00-26\expression2\tests
Created folder: backup-10-19-2024-14-00-26\expression2\vehicle_huds
Copied file: C:\Program Files (x86)\Steam\steamapps\common\GarrysMod\garrysmod\data\expression2\blackhole's_keypad_hacker.txt
Copied file: C:\Program Files (x86)\Steam\steamapps\common\GarrysMod\garrysmod\data\expression2\coach_rolling_sound_e2_(by_az).txt
Copied file: C:\Program Files (x86)\Steam\steamapps\common\GarrysMod\garrysmod\data\expression2\doorsholoauto.txt
Copied file: C:\Program Files (x86)\Steam\steamapps\common\GarrysMod\garrysmod\data\expression2\egp_wallhack.txt
Copied file: C:\Program Files (x86)\Steam\steamapps\common\GarrysMod\garrysmod\data\expression2\fbd_fender_bender_defender_v2.txt
Copied file: C:\Program Files (x86)\Steam\steamapps\common\GarrysMod\garrysmod\data\expression2\gsg_gauge_freight_speedometer.txt
Copied file: C:\Program Files (x86)\Steam\steamapps\common\GarrysMod\garrysmod\data\expression2\hydrauliccontrolsystem.txt
Copied file: C:\Program Files (x86)\Steam\steamapps\common\GarrysMod\garrysmod\data\expression2\lights.txt
Copied file: C:\Program Files (x86)\Steam\steamapps\common\GarrysMod\garrysmod\data\expression2\list_all_e2_on_the_server.txt
Copied file: C:\Program Files (x86)\Steam\steamapps\common\GarrysMod\garrysmod\data\expression2\power_level.txt
Copied file: C:\Program Files (x86)\Steam\steamapps\common\GarrysMod\garrysmod\data\expression2\power_stat_display.txt
Copied file: C:\Program Files (x86)\Steam\steamapps\common\GarrysMod\garrysmod\data\expression2\quarterback_ai.txt
Copied file: C:\Program Files (x86)\Steam\steamapps\common\GarrysMod\garrysmod\data\expression2\rainbow_physgun.txt
Copied file: C:\Program Files (x86)\Steam\steamapps\common\GarrysMod\garrysmod\data\expression2\speed_hud_and_warner.txt
Copied file: C:\Program Files (x86)\Steam\steamapps\common\GarrysMod\garrysmod\data\expression2\text_jazzlok.txt
Copied file: C:\Program Files (x86)\Steam\steamapps\common\GarrysMod\garrysmod\data\expression2\track_finder.txt
Copied file: C:\Program Files (x86)\Steam\steamapps\common\GarrysMod\garrysmod\data\expression2\train_controller.txt
Copied file: C:\Program Files (x86)\Steam\steamapps\common\GarrysMod\garrysmod\data\expression2\vehicle_hud.txt
Copied file: C:\Program Files (x86)\Steam\steamapps\common\GarrysMod\garrysmod\data\expression2\vehicle_hud_(1080_monitor).txt
Copied file: C:\Program Files (x86)\Steam\steamapps\common\GarrysMod\garrysmod\data\expression2\vehicle_hud_(1080_monitor)_configuarate.txt
Copied file: C:\Program Files (x86)\Steam\steamapps\common\GarrysMod\garrysmod\data\expression2\vehicle_hud_(dukes).txt
Copied file: C:\Program Files (x86)\Steam\steamapps\common\GarrysMod\garrysmod\data\expression2\vehicle_hud_(train).txt
Copied file: C:\Program Files (x86)\Steam\steamapps\common\GarrysMod\garrysmod\data\expression2\_autosave_.txt
Copied file: C:\Program Files (x86)\Steam\steamapps\common\GarrysMod\garrysmod\data\expression2\_helloworld_.txt
Copied file: C:\Program Files (x86)\Steam\steamapps\common\GarrysMod\garrysmod\data\expression2\_shutdown_.txt
Copied file: C:\Program Files (x86)\Steam\steamapps\common\GarrysMod\garrysmod\data\expression2\_tabs_.txt
Created folder: backup-10-19-2024-14-00-26\expression2\magspack2\monk
Copied file: C:\Program Files (x86)\Steam\steamapps\common\GarrysMod\garrysmod\data\expression2\magspack2\monk\headsplight.txt
Created folder: backup-10-19-2024-14-00-26\expression2\tests\regressions
Copied file: C:\Program Files (x86)\Steam\steamapps\common\GarrysMod\garrysmod\data\expression2\tests\parsing.txt
Copied file: C:\Program Files (x86)\Steam\steamapps\common\GarrysMod\garrysmod\data\expression2\tests\strict.txt
Copied file: C:\Program Files (x86)\Steam\steamapps\common\GarrysMod\garrysmod\data\expression2\tests\regressions\1975.txt
Copied file: C:\Program Files (x86)\Steam\steamapps\common\GarrysMod\garrysmod\data\expression2\tests\regressions\2388.txt
Copied file: C:\Program Files (x86)\Steam\steamapps\common\GarrysMod\garrysmod\data\expression2\tests\regressions\2403.txt
Copied file: C:\Program Files (x86)\Steam\steamapps\common\GarrysMod\garrysmod\data\expression2\tests\regressions\2420.txt
Copied file: C:\Program Files (x86)\Steam\steamapps\common\GarrysMod\garrysmod\data\expression2\tests\regressions\2465.txt
Copied file: C:\Program Files (x86)\Steam\steamapps\common\GarrysMod\garrysmod\data\expression2\tests\regressions\2481.txt
Copied file: C:\Program Files (x86)\Steam\steamapps\common\GarrysMod\garrysmod\data\expression2\vehicle_huds\vehicle_hud_(1080_monitor).txt
Copied file: C:\Program Files (x86)\Steam\steamapps\common\GarrysMod\garrysmod\data\expression2\vehicle_huds\vehicle_hud_(dukes).txt
Copied file: C:\Program Files (x86)\Steam\steamapps\common\GarrysMod\garrysmod\data\fpgachip\_helloworld_.txt
Copied file: C:\Program Files (x86)\Steam\steamapps\common\GarrysMod\garrysmod\data\gminimap\config.json
Created folder: backup-10-19-2024-14-00-26\gpuchip\e2shared
Copied file: C:\Program Files (x86)\Steam\steamapps\common\GarrysMod\garrysmod\data\gpuchip\_autosave_.txt
Copied file: C:\Program Files (x86)\Steam\steamapps\common\GarrysMod\garrysmod\data\gpuchip\_shutdown_.txt
Copied file: C:\Program Files (x86)\Steam\steamapps\common\GarrysMod\garrysmod\data\gpuchip\_tabs_.txt
Copied file: C:\Program Files (x86)\Steam\steamapps\common\GarrysMod\garrysmod\data\gredwitch_base_cache\gredwitchs_base_update_released.png
Copied file: C:\Program Files (x86)\Steam\steamapps\common\GarrysMod\garrysmod\data\gredwitch_base_cache\steamgroup.png
Copied file: C:\Program Files (x86)\Steam\steamapps\common\GarrysMod\garrysmod\data\hitnumbers\settings.txt
Copied file: C:\Program Files (x86)\Steam\steamapps\common\GarrysMod\garrysmod\data\hl2hud\current.dat
Copied file: C:\Program Files (x86)\Steam\steamapps\common\GarrysMod\garrysmod\data\materialurl_materials\.png
Copied file: C:\Program Files (x86)\Steam\steamapps\common\GarrysMod\garrysmod\data\nnt-antiafk\antiafkconfig.txt
Copied file: C:\Program Files (x86)\Steam\steamapps\common\GarrysMod\garrysmod\data\notepad\note.txt
Copied file: C:\Program Files (x86)\Steam\steamapps\common\GarrysMod\garrysmod\data\ogl\sv_loadingurl.txt
Copied file: C:\Program Files (x86)\Steam\steamapps\common\GarrysMod\garrysmod\data\p2m_cache\1192389105.dat
Copied file: C:\Program Files (x86)\Steam\steamapps\common\GarrysMod\garrysmod\data\p2m_cache\1196334126.dat
Copied file: C:\Program Files (x86)\Steam\steamapps\common\GarrysMod\garrysmod\data\p2m_cache\1218805032.dat
Copied file: C:\Program Files (x86)\Steam\steamapps\common\GarrysMod\garrysmod\data\p2m_cache\1312122725.dat
Copied file: C:\Program Files (x86)\Steam\steamapps\common\GarrysMod\garrysmod\data\p2m_cache\1373973182.dat
Copied file: C:\Program Files (x86)\Steam\steamapps\common\GarrysMod\garrysmod\data\p2m_cache\1374025021.dat
Copied file: C:\Program Files (x86)\Steam\steamapps\common\GarrysMod\garrysmod\data\p2m_cache\1377514847.dat
Copied file: C:\Program Files (x86)\Steam\steamapps\common\GarrysMod\garrysmod\data\p2m_cache\1499772364.dat
Copied file: C:\Program Files (x86)\Steam\steamapps\common\GarrysMod\garrysmod\data\p2m_cache\1627580253.dat
Copied file: C:\Program Files (x86)\Steam\steamapps\common\GarrysMod\garrysmod\data\p2m_cache\1657065970.dat
Copied file: C:\Program Files (x86)\Steam\steamapps\common\GarrysMod\garrysmod\data\p2m_cache\1665387628.dat
Copied file: C:\Program Files (x86)\Steam\steamapps\common\GarrysMod\garrysmod\data\p2m_cache\1721832846.dat
Copied file: C:\Program Files (x86)\Steam\steamapps\common\GarrysMod\garrysmod\data\p2m_cache\1781185186.dat
Copied file: C:\Program Files (x86)\Steam\steamapps\common\GarrysMod\garrysmod\data\p2m_cache\1799146202.dat
Copied file: C:\Program Files (x86)\Steam\steamapps\common\GarrysMod\garrysmod\data\p2m_cache\181218128.dat
Copied file: C:\Program Files (x86)\Steam\steamapps\common\GarrysMod\garrysmod\data\p2m_cache\1833165036.dat
Copied file: C:\Program Files (x86)\Steam\steamapps\common\GarrysMod\garrysmod\data\p2m_cache\1835015499.dat
Copied file: C:\Program Files (x86)\Steam\steamapps\common\GarrysMod\garrysmod\data\p2m_cache\1836424246.dat
Copied file: C:\Program Files (x86)\Steam\steamapps\common\GarrysMod\garrysmod\data\p2m_cache\185598293.dat
Copied file: C:\Program Files (x86)\Steam\steamapps\common\GarrysMod\garrysmod\data\p2m_cache\208997914.dat
Copied file: C:\Program Files (x86)\Steam\steamapps\common\GarrysMod\garrysmod\data\p2m_cache\2197942617.dat
Copied file: C:\Program Files (x86)\Steam\steamapps\common\GarrysMod\garrysmod\data\p2m_cache\2214063882.dat
Copied file: C:\Program Files (x86)\Steam\steamapps\common\GarrysMod\garrysmod\data\p2m_cache\2228782313.dat
Copied file: C:\Program Files (x86)\Steam\steamapps\common\GarrysMod\garrysmod\data\p2m_cache\2238189355.dat
Copied file: C:\Program Files (x86)\Steam\steamapps\common\GarrysMod\garrysmod\data\p2m_cache\2338115030.dat
Copied file: C:\Program Files (x86)\Steam\steamapps\common\GarrysMod\garrysmod\data\p2m_cache\2360609160.dat
Copied file: C:\Program Files (x86)\Steam\steamapps\common\GarrysMod\garrysmod\data\p2m_cache\242762458.dat
Copied file: C:\Program Files (x86)\Steam\steamapps\common\GarrysMod\garrysmod\data\p2m_cache\2433448851.dat
Copied file: C:\Program Files (x86)\Steam\steamapps\common\GarrysMod\garrysmod\data\p2m_cache\2475805210.dat
Copied file: C:\Program Files (x86)\Steam\steamapps\common\GarrysMod\garrysmod\data\p2m_cache\2613207781.dat
Copied file: C:\Program Files (x86)\Steam\steamapps\common\GarrysMod\garrysmod\data\p2m_cache\2626073736.dat
Copied file: C:\Program Files (x86)\Steam\steamapps\common\GarrysMod\garrysmod\data\p2m_cache\2683390446.dat
Copied file: C:\Program Files (x86)\Steam\steamapps\common\GarrysMod\garrysmod\data\p2m_cache\2700178802.dat
Copied file: C:\Program Files (x86)\Steam\steamapps\common\GarrysMod\garrysmod\data\p2m_cache\2768038098.dat
Copied file: C:\Program Files (x86)\Steam\steamapps\common\GarrysMod\garrysmod\data\p2m_cache\2830774001.dat
Copied file: C:\Program Files (x86)\Steam\steamapps\common\GarrysMod\garrysmod\data\p2m_cache\3065575277.dat
Copied file: C:\Program Files (x86)\Steam\steamapps\common\GarrysMod\garrysmod\data\p2m_cache\3073556300.dat
Copied file: C:\Program Files (x86)\Steam\steamapps\common\GarrysMod\garrysmod\data\p2m_cache\3438970858.dat
Copied file: C:\Program Files (x86)\Steam\steamapps\common\GarrysMod\garrysmod\data\p2m_cache\3504138126.dat
Copied file: C:\Program Files (x86)\Steam\steamapps\common\GarrysMod\garrysmod\data\p2m_cache\358872872.dat
Copied file: C:\Program Files (x86)\Steam\steamapps\common\GarrysMod\garrysmod\data\p2m_cache\3757935946.dat
Copied file: C:\Program Files (x86)\Steam\steamapps\common\GarrysMod\garrysmod\data\p2m_cache\381374898.dat
Copied file: C:\Program Files (x86)\Steam\steamapps\common\GarrysMod\garrysmod\data\p2m_cache\3909173162.dat
Copied file: C:\Program Files (x86)\Steam\steamapps\common\GarrysMod\garrysmod\data\p2m_cache\3916598826.dat
Copied file: C:\Program Files (x86)\Steam\steamapps\common\GarrysMod\garrysmod\data\p2m_cache\3937135094.dat
Copied file: C:\Program Files (x86)\Steam\steamapps\common\GarrysMod\garrysmod\data\p2m_cache\3941304093.dat
Copied file: C:\Program Files (x86)\Steam\steamapps\common\GarrysMod\garrysmod\data\p2m_cache\3982092182.dat
Copied file: C:\Program Files (x86)\Steam\steamapps\common\GarrysMod\garrysmod\data\p2m_cache\3996943281.dat
Copied file: C:\Program Files (x86)\Steam\steamapps\common\GarrysMod\garrysmod\data\p2m_cache\4022382966.dat
Copied file: C:\Program Files (x86)\Steam\steamapps\common\GarrysMod\garrysmod\data\p2m_cache\4132912415.dat
Copied file: C:\Program Files (x86)\Steam\steamapps\common\GarrysMod\garrysmod\data\p2m_cache\4150629129.dat
Copied file: C:\Program Files (x86)\Steam\steamapps\common\GarrysMod\garrysmod\data\p2m_cache\4192588169.dat
Copied file: C:\Program Files (x86)\Steam\steamapps\common\GarrysMod\garrysmod\data\p2m_cache\4213283035.dat
Copied file: C:\Program Files (x86)\Steam\steamapps\common\GarrysMod\garrysmod\data\p2m_cache\4229343848.dat
Copied file: C:\Program Files (x86)\Steam\steamapps\common\GarrysMod\garrysmod\data\p2m_cache\4280321730.dat
Copied file: C:\Program Files (x86)\Steam\steamapps\common\GarrysMod\garrysmod\data\p2m_cache\428956664.dat
Copied file: C:\Program Files (x86)\Steam\steamapps\common\GarrysMod\garrysmod\data\p2m_cache\47003198.dat
Copied file: C:\Program Files (x86)\Steam\steamapps\common\GarrysMod\garrysmod\data\p2m_cache\562179194.dat
Copied file: C:\Program Files (x86)\Steam\steamapps\common\GarrysMod\garrysmod\data\p2m_cache\58895699.dat
Copied file: C:\Program Files (x86)\Steam\steamapps\common\GarrysMod\garrysmod\data\p2m_cache\781813056.dat
Copied file: C:\Program Files (x86)\Steam\steamapps\common\GarrysMod\garrysmod\data\p2m_cache\86365229.dat
Copied file: C:\Program Files (x86)\Steam\steamapps\common\GarrysMod\garrysmod\data\p2m_cache\870054784.dat
Copied file: C:\Program Files (x86)\Steam\steamapps\common\GarrysMod\garrysmod\data\p2m_cache\903749948.dat
Copied file: C:\Program Files (x86)\Steam\steamapps\common\GarrysMod\garrysmod\data\p2m_cache\972684625.dat
Created folder: backup-10-19-2024-14-00-26\pac3\__backup
Created folder: backup-10-19-2024-14-00-26\pac3\__backup_save
Copied file: C:\Program Files (x86)\Steam\steamapps\common\GarrysMod\garrysmod\data\pac3\.txt
Copied file: C:\Program Files (x86)\Steam\steamapps\common\GarrysMod\garrysmod\data\pac3\1st prize.txt
Copied file: C:\Program Files (x86)\Steam\steamapps\common\GarrysMod\garrysmod\data\pac3\aaaaaa.txt
Copied file: C:\Program Files (x86)\Steam\steamapps\common\GarrysMod\garrysmod\data\pac3\armor meter.txt
Copied file: C:\Program Files (x86)\Steam\steamapps\common\GarrysMod\garrysmod\data\pac3\autoload.txt
Copied file: C:\Program Files (x86)\Steam\steamapps\common\GarrysMod\garrysmod\data\pac3\better first person.txt
Copied file: C:\Program Files (x86)\Steam\steamapps\common\GarrysMod\garrysmod\data\pac3\cool things.txt
Copied file: C:\Program Files (x86)\Steam\steamapps\common\GarrysMod\garrysmod\data\pac3\doors.txt
Copied file: C:\Program Files (x86)\Steam\steamapps\common\GarrysMod\garrysmod\data\pac3\engineer.txt
Copied file: C:\Program Files (x86)\Steam\steamapps\common\GarrysMod\garrysmod\data\pac3\experiments.txt
Copied file: C:\Program Files (x86)\Steam\steamapps\common\GarrysMod\garrysmod\data\pac3\explosive barrel fake.txt
Copied file: C:\Program Files (x86)\Steam\steamapps\common\GarrysMod\garrysmod\data\pac3\fake aimbot.txt
Copied file: C:\Program Files (x86)\Steam\steamapps\common\GarrysMod\garrysmod\data\pac3\flying camera.txt
Copied file: C:\Program Files (x86)\Steam\steamapps\common\GarrysMod\garrysmod\data\pac3\hasmat bette.txt
Copied file: C:\Program Files (x86)\Steam\steamapps\common\GarrysMod\garrysmod\data\pac3\hazmat.txt
Copied file: C:\Program Files (x86)\Steam\steamapps\common\GarrysMod\garrysmod\data\pac3\invisible.txt
Copied file: C:\Program Files (x86)\Steam\steamapps\common\GarrysMod\garrysmod\data\pac3\journal 3.txt
Copied file: C:\Program Files (x86)\Steam\steamapps\common\GarrysMod\garrysmod\data\pac3\low quality player model.txt
Copied file: C:\Program Files (x86)\Steam\steamapps\common\GarrysMod\garrysmod\data\pac3\main outfit minimal.txt
Copied file: C:\Program Files (x86)\Steam\steamapps\common\GarrysMod\garrysmod\data\pac3\mask.txt
Copied file: C:\Program Files (x86)\Steam\steamapps\common\GarrysMod\garrysmod\data\pac3\metro police.txt
Copied file: C:\Program Files (x86)\Steam\steamapps\common\GarrysMod\garrysmod\data\pac3\minimalist.txt
Copied file: C:\Program Files (x86)\Steam\steamapps\common\GarrysMod\garrysmod\data\pac3\modified outfit alt flying beta.txt
Copied file: C:\Program Files (x86)\Steam\steamapps\common\GarrysMod\garrysmod\data\pac3\modified outfit alt flying.txt
Copied file: C:\Program Files (x86)\Steam\steamapps\common\GarrysMod\garrysmod\data\pac3\modified outfit beta.txt
Copied file: C:\Program Files (x86)\Steam\steamapps\common\GarrysMod\garrysmod\data\pac3\modified outfit bootleg pac.txt
Copied file: C:\Program Files (x86)\Steam\steamapps\common\GarrysMod\garrysmod\data\pac3\modified outfit.txt
Copied file: C:\Program Files (x86)\Steam\steamapps\common\GarrysMod\garrysmod\data\pac3\outfit minimal.txt
Copied file: C:\Program Files (x86)\Steam\steamapps\common\GarrysMod\garrysmod\data\pac3\pac ragdoll.txt
Copied file: C:\Program Files (x86)\Steam\steamapps\common\GarrysMod\garrysmod\data\pac3\project 1.txt
Copied file: C:\Program Files (x86)\Steam\steamapps\common\GarrysMod\garrysmod\data\pac3\q menu.txt
Copied file: C:\Program Files (x86)\Steam\steamapps\common\GarrysMod\garrysmod\data\pac3\scout.txt
Copied file: C:\Program Files (x86)\Steam\steamapps\common\GarrysMod\garrysmod\data\pac3\sentry.txt
Copied file: C:\Program Files (x86)\Steam\steamapps\common\GarrysMod\garrysmod\data\pac3\shadow scout.txt
Copied file: C:\Program Files (x86)\Steam\steamapps\common\GarrysMod\garrysmod\data\pac3\trailer fan cover.txt
Copied file: C:\Program Files (x86)\Steam\steamapps\common\GarrysMod\garrysmod\data\pac3\yea boi.txt
Copied file: C:\Program Files (x86)\Steam\steamapps\common\GarrysMod\garrysmod\data\pac3\yooooo.txt
Copied file: C:\Program Files (x86)\Steam\steamapps\common\GarrysMod\garrysmod\data\pac3\__backup\24-03-25-22_15_17.txt
Copied file: C:\Program Files (x86)\Steam\steamapps\common\GarrysMod\garrysmod\data\pac3\__backup\24-03-25-22_37_49.txt
Copied file: C:\Program Files (x86)\Steam\steamapps\common\GarrysMod\garrysmod\data\pac3\__backup\24-03-25-22_37_55.txt
Copied file: C:\Program Files (x86)\Steam\steamapps\common\GarrysMod\garrysmod\data\pac3\__backup\24-03-25-22_38_03.txt
Copied file: C:\Program Files (x86)\Steam\steamapps\common\GarrysMod\garrysmod\data\pac3\__backup\24-03-25-22_38_12.txt
Copied file: C:\Program Files (x86)\Steam\steamapps\common\GarrysMod\garrysmod\data\pac3\__backup\24-08-07-15_50_54.txt
Copied file: C:\Program Files (x86)\Steam\steamapps\common\GarrysMod\garrysmod\data\pac3\__backup\24-08-07-15_51_32.txt
Copied file: C:\Program Files (x86)\Steam\steamapps\common\GarrysMod\garrysmod\data\pac3\__backup\24-08-07-15_52_06.txt
Copied file: C:\Program Files (x86)\Steam\steamapps\common\GarrysMod\garrysmod\data\pac3\__backup\24-08-07-15_52_16.txt
Copied file: C:\Program Files (x86)\Steam\steamapps\common\GarrysMod\garrysmod\data\pac3\__backup\24-08-07-15_52_30.txt
Copied file: C:\Program Files (x86)\Steam\steamapps\common\GarrysMod\garrysmod\data\pac3\__backup\24-08-07-15_52_35.txt
Copied file: C:\Program Files (x86)\Steam\steamapps\common\GarrysMod\garrysmod\data\pac3\__backup\24-08-07-15_52_41.txt
Copied file: C:\Program Files (x86)\Steam\steamapps\common\GarrysMod\garrysmod\data\pac3\__backup\24-08-07-15_52_43.txt
Copied file: C:\Program Files (x86)\Steam\steamapps\common\GarrysMod\garrysmod\data\pac3\__backup\24-08-07-15_52_51.txt
Copied file: C:\Program Files (x86)\Steam\steamapps\common\GarrysMod\garrysmod\data\pac3\__backup\24-08-07-15_52_53.txt
Copied file: C:\Program Files (x86)\Steam\steamapps\common\GarrysMod\garrysmod\data\pac3\__backup\24-08-07-15_53_31.txt
Copied file: C:\Program Files (x86)\Steam\steamapps\common\GarrysMod\garrysmod\data\pac3\__backup\24-08-07-15_53_37.txt
Copied file: C:\Program Files (x86)\Steam\steamapps\common\GarrysMod\garrysmod\data\pac3\__backup\24-08-07-15_54_11.txt
Copied file: C:\Program Files (x86)\Steam\steamapps\common\GarrysMod\garrysmod\data\pac3\__backup\24-08-07-15_54_15.txt
Copied file: C:\Program Files (x86)\Steam\steamapps\common\GarrysMod\garrysmod\data\pac3\__backup\24-08-07-15_54_24.txt
Copied file: C:\Program Files (x86)\Steam\steamapps\common\GarrysMod\garrysmod\data\pac3\__backup\24-08-07-15_54_33.txt
Copied file: C:\Program Files (x86)\Steam\steamapps\common\GarrysMod\garrysmod\data\pac3\__backup\24-08-07-15_56_26.txt
Copied file: C:\Program Files (x86)\Steam\steamapps\common\GarrysMod\garrysmod\data\pac3\__backup\24-08-07-15_56_31.txt
Copied file: C:\Program Files (x86)\Steam\steamapps\common\GarrysMod\garrysmod\data\pac3\__backup\24-08-07-15_56_33.txt
Copied file: C:\Program Files (x86)\Steam\steamapps\common\GarrysMod\garrysmod\data\pac3\__backup\24-08-07-15_56_35.txt
Copied file: C:\Program Files (x86)\Steam\steamapps\common\GarrysMod\garrysmod\data\pac3\__backup\24-08-07-15_56_41.txt
Copied file: C:\Program Files (x86)\Steam\steamapps\common\GarrysMod\garrysmod\data\pac3\__backup\24-08-07-15_56_54.txt
Copied file: C:\Program Files (x86)\Steam\steamapps\common\GarrysMod\garrysmod\data\pac3\__backup\24-08-07-15_58_05.txt
Copied file: C:\Program Files (x86)\Steam\steamapps\common\GarrysMod\garrysmod\data\pac3\__backup\24-08-07-15_58_15.txt
Copied file: C:\Program Files (x86)\Steam\steamapps\common\GarrysMod\garrysmod\data\pac3\__backup\24-08-07-15_58_16.txt
Copied file: C:\Program Files (x86)\Steam\steamapps\common\GarrysMod\garrysmod\data\pac3\__backup\24-08-07-15_58_20.txt
Copied file: C:\Program Files (x86)\Steam\steamapps\common\GarrysMod\garrysmod\data\pac3\__backup\24-08-07-15_58_25.txt
Copied file: C:\Program Files (x86)\Steam\steamapps\common\GarrysMod\garrysmod\data\pac3\__backup\24-08-07-15_58_46.txt
Copied file: C:\Program Files (x86)\Steam\steamapps\common\GarrysMod\garrysmod\data\pac3\__backup\24-08-07-15_58_49.txt
Copied file: C:\Program Files (x86)\Steam\steamapps\common\GarrysMod\garrysmod\data\pac3\__backup\24-08-07-15_58_50.txt
Copied file: C:\Program Files (x86)\Steam\steamapps\common\GarrysMod\garrysmod\data\pac3\__backup\24-08-07-15_58_53.txt
Copied file: C:\Program Files (x86)\Steam\steamapps\common\GarrysMod\garrysmod\data\pac3\__backup\24-08-07-15_58_56.txt
Copied file: C:\Program Files (x86)\Steam\steamapps\common\GarrysMod\garrysmod\data\pac3\__backup\24-08-07-16_01_36.txt
Copied file: C:\Program Files (x86)\Steam\steamapps\common\GarrysMod\garrysmod\data\pac3\__backup\24-08-07-16_01_46.txt
Copied file: C:\Program Files (x86)\Steam\steamapps\common\GarrysMod\garrysmod\data\pac3\__backup\24-08-07-16_02_22.txt
Copied file: C:\Program Files (x86)\Steam\steamapps\common\GarrysMod\garrysmod\data\pac3\__backup\24-08-07-16_02_30.txt
Copied file: C:\Program Files (x86)\Steam\steamapps\common\GarrysMod\garrysmod\data\pac3\__backup\24-08-07-16_02_47.txt
Copied file: C:\Program Files (x86)\Steam\steamapps\common\GarrysMod\garrysmod\data\pac3\__backup\24-08-07-16_02_55.txt
Copied file: C:\Program Files (x86)\Steam\steamapps\common\GarrysMod\garrysmod\data\pac3\__backup\24-08-07-16_03_10.txt
Copied file: C:\Program Files (x86)\Steam\steamapps\common\GarrysMod\garrysmod\data\pac3\__backup\24-08-07-16_03_15.txt
Copied file: C:\Program Files (x86)\Steam\steamapps\common\GarrysMod\garrysmod\data\pac3\__backup\24-08-07-16_03_27.txt
Copied file: C:\Program Files (x86)\Steam\steamapps\common\GarrysMod\garrysmod\data\pac3\__backup\24-08-07-16_03_33.txt
Copied file: C:\Program Files (x86)\Steam\steamapps\common\GarrysMod\garrysmod\data\pac3\__backup\24-08-07-16_04_05.txt
Copied file: C:\Program Files (x86)\Steam\steamapps\common\GarrysMod\garrysmod\data\pac3\__backup\24-08-07-16_04_06.txt
Copied file: C:\Program Files (x86)\Steam\steamapps\common\GarrysMod\garrysmod\data\pac3\__backup\24-08-07-16_04_14.txt
Copied file: C:\Program Files (x86)\Steam\steamapps\common\GarrysMod\garrysmod\data\pac3\__backup\24-08-07-16_05_18.txt
Copied file: C:\Program Files (x86)\Steam\steamapps\common\GarrysMod\garrysmod\data\pac3\__backup\24-08-07-16_05_23.txt
Copied file: C:\Program Files (x86)\Steam\steamapps\common\GarrysMod\garrysmod\data\pac3\__backup\24-08-07-16_05_34.txt
Copied file: C:\Program Files (x86)\Steam\steamapps\common\GarrysMod\garrysmod\data\pac3\__backup\24-08-07-16_05_41.txt
Copied file: C:\Program Files (x86)\Steam\steamapps\common\GarrysMod\garrysmod\data\pac3\__backup\24-08-07-16_05_45.txt
Copied file: C:\Program Files (x86)\Steam\steamapps\common\GarrysMod\garrysmod\data\pac3\__backup\24-08-07-16_06_10.txt
Copied file: C:\Program Files (x86)\Steam\steamapps\common\GarrysMod\garrysmod\data\pac3\__backup\24-08-07-16_07_00.txt
Copied file: C:\Program Files (x86)\Steam\steamapps\common\GarrysMod\garrysmod\data\pac3\__backup\24-08-07-16_22_25.txt
Copied file: C:\Program Files (x86)\Steam\steamapps\common\GarrysMod\garrysmod\data\pac3\__backup\24-08-07-16_22_44.txt
Copied file: C:\Program Files (x86)\Steam\steamapps\common\GarrysMod\garrysmod\data\pac3\__backup\24-08-07-16_23_30.txt
Copied file: C:\Program Files (x86)\Steam\steamapps\common\GarrysMod\garrysmod\data\pac3\__backup\24-08-07-16_25_01.txt
Copied file: C:\Program Files (x86)\Steam\steamapps\common\GarrysMod\garrysmod\data\pac3\__backup\24-08-07-16_25_14.txt
Copied file: C:\Program Files (x86)\Steam\steamapps\common\GarrysMod\garrysmod\data\pac3\__backup\24-08-07-16_25_44.txt
Copied file: C:\Program Files (x86)\Steam\steamapps\common\GarrysMod\garrysmod\data\pac3\__backup\24-08-07-16_26_12.txt
Copied file: C:\Program Files (x86)\Steam\steamapps\common\GarrysMod\garrysmod\data\pac3\__backup\24-08-07-16_26_34.txt
Copied file: C:\Program Files (x86)\Steam\steamapps\common\GarrysMod\garrysmod\data\pac3\__backup\24-08-07-16_26_49.txt
Copied file: C:\Program Files (x86)\Steam\steamapps\common\GarrysMod\garrysmod\data\pac3\__backup\24-08-07-16_27_10.txt
Copied file: C:\Program Files (x86)\Steam\steamapps\common\GarrysMod\garrysmod\data\pac3\__backup\24-08-07-16_28_08.txt
Copied file: C:\Program Files (x86)\Steam\steamapps\common\GarrysMod\garrysmod\data\pac3\__backup\24-08-07-16_31_13.txt
Copied file: C:\Program Files (x86)\Steam\steamapps\common\GarrysMod\garrysmod\data\pac3\__backup\24-08-11-18_49_41.txt
Copied file: C:\Program Files (x86)\Steam\steamapps\common\GarrysMod\garrysmod\data\pac3\__backup\24-08-11-18_49_46.txt
Copied file: C:\Program Files (x86)\Steam\steamapps\common\GarrysMod\garrysmod\data\pac3\__backup\24-08-11-18_49_48.txt
Copied file: C:\Program Files (x86)\Steam\steamapps\common\GarrysMod\garrysmod\data\pac3\__backup\24-08-11-18_49_52.txt
Copied file: C:\Program Files (x86)\Steam\steamapps\common\GarrysMod\garrysmod\data\pac3\__backup\24-08-11-18_50_01.txt
Copied file: C:\Program Files (x86)\Steam\steamapps\common\GarrysMod\garrysmod\data\pac3\__backup\24-08-11-18_50_07.txt
Copied file: C:\Program Files (x86)\Steam\steamapps\common\GarrysMod\garrysmod\data\pac3\__backup\24-08-11-18_50_24.txt
Copied file: C:\Program Files (x86)\Steam\steamapps\common\GarrysMod\garrysmod\data\pac3\__backup\24-08-11-18_50_26.txt
Copied file: C:\Program Files (x86)\Steam\steamapps\common\GarrysMod\garrysmod\data\pac3\__backup\24-08-11-18_50_35.txt
Copied file: C:\Program Files (x86)\Steam\steamapps\common\GarrysMod\garrysmod\data\pac3\__backup\24-10-10-21_58_30.txt
Copied file: C:\Program Files (x86)\Steam\steamapps\common\GarrysMod\garrysmod\data\pac3\__backup\24-10-10-22_05_55.txt
Copied file: C:\Program Files (x86)\Steam\steamapps\common\GarrysMod\garrysmod\data\pac3\__backup\24-10-10-22_16_11.txt
Copied file: C:\Program Files (x86)\Steam\steamapps\common\GarrysMod\garrysmod\data\pac3\__backup\24-10-11-19_35_15.txt
Copied file: C:\Program Files (x86)\Steam\steamapps\common\GarrysMod\garrysmod\data\pac3\__backup\24-10-11-19_35_19.txt
Copied file: C:\Program Files (x86)\Steam\steamapps\common\GarrysMod\garrysmod\data\pac3\__backup\24-10-11-19_35_21.txt
Copied file: C:\Program Files (x86)\Steam\steamapps\common\GarrysMod\garrysmod\data\pac3\__backup\24-10-11-19_35_29.txt
Copied file: C:\Program Files (x86)\Steam\steamapps\common\GarrysMod\garrysmod\data\pac3\__backup\24-10-11-19_35_33.txt
Copied file: C:\Program Files (x86)\Steam\steamapps\common\GarrysMod\garrysmod\data\pac3\__backup\24-10-11-19_35_51.txt
Copied file: C:\Program Files (x86)\Steam\steamapps\common\GarrysMod\garrysmod\data\pac3\__backup\24-10-11-19_36_02.txt
Copied file: C:\Program Files (x86)\Steam\steamapps\common\GarrysMod\garrysmod\data\pac3\__backup\24-10-11-19_36_07.txt
Copied file: C:\Program Files (x86)\Steam\steamapps\common\GarrysMod\garrysmod\data\pac3\__backup\24-10-11-19_36_11.txt
Copied file: C:\Program Files (x86)\Steam\steamapps\common\GarrysMod\garrysmod\data\pac3\__backup\24-10-11-19_36_14.txt
Copied file: C:\Program Files (x86)\Steam\steamapps\common\GarrysMod\garrysmod\data\pac3\__backup\24-10-11-19_36_37.txt
Copied file: C:\Program Files (x86)\Steam\steamapps\common\GarrysMod\garrysmod\data\pac3\__backup\24-10-11-19_36_39.txt
Copied file: C:\Program Files (x86)\Steam\steamapps\common\GarrysMod\garrysmod\data\pac3\__backup\24-10-11-19_36_55.txt
Copied file: C:\Program Files (x86)\Steam\steamapps\common\GarrysMod\garrysmod\data\pac3\__backup\24-10-11-19_37_00.txt
Copied file: C:\Program Files (x86)\Steam\steamapps\common\GarrysMod\garrysmod\data\pac3\__backup\24-10-11-19_37_04.txt
Copied file: C:\Program Files (x86)\Steam\steamapps\common\GarrysMod\garrysmod\data\pac3\__backup\24-10-11-19_37_13.txt
Copied file: C:\Program Files (x86)\Steam\steamapps\common\GarrysMod\garrysmod\data\pac3\__backup\24-10-11-19_37_58.txt
Copied file: C:\Program Files (x86)\Steam\steamapps\common\GarrysMod\garrysmod\data\pac3\__backup\autoload_24-10-10-21_50_59.txt
Copied file: C:\Program Files (x86)\Steam\steamapps\common\GarrysMod\garrysmod\data\pac3\__backup\autoload_24-10-10-22_07_04.txt
Copied file: C:\Program Files (x86)\Steam\steamapps\common\GarrysMod\garrysmod\data\pac3\__backup\autoload_24-10-10-22_30_49.txt
Copied file: C:\Program Files (x86)\Steam\steamapps\common\GarrysMod\garrysmod\data\pac3\__backup_save\autoload_24-08-07-16_08_01.txt
Copied file: C:\Program Files (x86)\Steam\steamapps\common\GarrysMod\garrysmod\data\pac3\__backup_save\autoload_24-10-10-21_50_58.txt
Copied file: C:\Program Files (x86)\Steam\steamapps\common\GarrysMod\garrysmod\data\pac3\__backup_save\autoload_24-10-10-22_07_04.txt
Copied file: C:\Program Files (x86)\Steam\steamapps\common\GarrysMod\garrysmod\data\pac3\__backup_save\autoload_24-10-10-22_16_34.txt
Copied file: C:\Program Files (x86)\Steam\steamapps\common\GarrysMod\garrysmod\data\pac3\__backup_save\autoload_24-10-10-22_30_49.txt
Copied file: C:\Program Files (x86)\Steam\steamapps\common\GarrysMod\garrysmod\data\pac3\__backup_save\cool things_24-01-09-03_00_28.txt
Copied file: C:\Program Files (x86)\Steam\steamapps\common\GarrysMod\garrysmod\data\pac3\__backup_save\main outfit minimal_22-12-26-12_55_39.txt
Copied file: C:\Program Files (x86)\Steam\steamapps\common\GarrysMod\garrysmod\data\pac3\__backup_save\main outfit minimal_22-12-29-23_15_46.txt
Copied file: C:\Program Files (x86)\Steam\steamapps\common\GarrysMod\garrysmod\data\pac3\__backup_save\main outfit minimal_22-12-30-22_50_55.txt
Copied file: C:\Program Files (x86)\Steam\steamapps\common\GarrysMod\garrysmod\data\pac3\__backup_save\main outfit minimal_23-01-07-17_30_36.txt
Copied file: C:\Program Files (x86)\Steam\steamapps\common\GarrysMod\garrysmod\data\pac3\__backup_save\minimalist_24-02-24-16_37_24.txt
Copied file: C:\Program Files (x86)\Steam\steamapps\common\GarrysMod\garrysmod\data\pac3\__backup_save\minimalist_24-02-24-17_03_44.txt
Copied file: C:\Program Files (x86)\Steam\steamapps\common\GarrysMod\garrysmod\data\pac3\__backup_save\minimalist_24-02-24-17_19_54.txt
Copied file: C:\Program Files (x86)\Steam\steamapps\common\GarrysMod\garrysmod\data\pac3\__backup_save\minimalist_24-02-24-17_20_56.txt
Copied file: C:\Program Files (x86)\Steam\steamapps\common\GarrysMod\garrysmod\data\pac3\__backup_save\minimalist_24-02-24-17_26_37.txt
Copied file: C:\Program Files (x86)\Steam\steamapps\common\GarrysMod\garrysmod\data\pac3\__backup_save\modified outfit alt flying beta_22-10-01-20_28_55.txt
Copied file: C:\Program Files (x86)\Steam\steamapps\common\GarrysMod\garrysmod\data\pac3\__backup_save\modified outfit alt flying beta_22-10-01-21_19_20.txt
Copied file: C:\Program Files (x86)\Steam\steamapps\common\GarrysMod\garrysmod\data\pac3\__backup_save\modified outfit alt flying beta_22-10-01-22_44_01.txt
Copied file: C:\Program Files (x86)\Steam\steamapps\common\GarrysMod\garrysmod\data\pac3\__backup_save\modified outfit alt flying beta_22-10-02-16_13_41.txt
Copied file: C:\Program Files (x86)\Steam\steamapps\common\GarrysMod\garrysmod\data\pac3\__backup_save\modified outfit alt flying beta_22-10-02-20_31_06.txt
Copied file: C:\Program Files (x86)\Steam\steamapps\common\GarrysMod\garrysmod\data\pac3\__backup_save\modified outfit alt flying beta_22-11-08-21_42_41.txt
Copied file: C:\Program Files (x86)\Steam\steamapps\common\GarrysMod\garrysmod\data\pac3\__backup_save\modified outfit alt flying beta_23-01-07-15_09_45.txt
Copied file: C:\Program Files (x86)\Steam\steamapps\common\GarrysMod\garrysmod\data\pac3\__backup_save\modified outfit alt flying beta_23-01-20-21_49_50.txt
Copied file: C:\Program Files (x86)\Steam\steamapps\common\GarrysMod\garrysmod\data\pac3\__backup_save\modified outfit alt flying beta_23-04-25-21_29_02.txt
Copied file: C:\Program Files (x86)\Steam\steamapps\common\GarrysMod\garrysmod\data\pac3\__backup_save\modified outfit alt flying beta_23-04-25-21_49_41.txt
Copied file: C:\Program Files (x86)\Steam\steamapps\common\GarrysMod\garrysmod\data\pac3\__backup_save\modified outfit alt flying beta_23-04-26-11_56_31.txt
Copied file: C:\Program Files (x86)\Steam\steamapps\common\GarrysMod\garrysmod\data\pac3\__backup_save\modified outfit alt flying beta_23-04-26-12_00_53.txt
Copied file: C:\Program Files (x86)\Steam\steamapps\common\GarrysMod\garrysmod\data\pac3\__backup_save\modified outfit alt flying beta_23-04-26-18_01_03.txt
Copied file: C:\Program Files (x86)\Steam\steamapps\common\GarrysMod\garrysmod\data\pac3\__backup_save\project 1_22-10-01-21_22_54.txt
Copied file: C:\Program Files (x86)\Steam\steamapps\common\GarrysMod\garrysmod\data\pac3\__backup_save\trailerfancover_22-10-02-21_25_34.txt
Created folder: backup-10-19-2024-14-00-26\pac3_cache\downloads
Created folder: backup-10-19-2024-14-00-26\pac3_cache\objcache
Copied file: C:\Program Files (x86)\Steam\steamapps\common\GarrysMod\garrysmod\data\pac3_cache\pac_asset_browser_index.txt
Copied file: C:\Program Files (x86)\Steam\steamapps\common\GarrysMod\garrysmod\data\pac3_cache\downloads\3337572778.dat
Copied file: C:\Program Files (x86)\Steam\steamapps\common\GarrysMod\garrysmod\data\pac3_cache\downloads\4010807433.dat
Copied file: C:\Program Files (x86)\Steam\steamapps\common\GarrysMod\garrysmod\data\pac3_cache\objcache\1e9bb449.txt
Copied file: C:\Program Files (x86)\Steam\steamapps\common\GarrysMod\garrysmod\data\saved_vehicles\config 1.txt
Copied file: C:\Program Files (x86)\Steam\steamapps\common\GarrysMod\garrysmod\data\saved_vehicles\semi config.txt
Copied file: C:\Program Files (x86)\Steam\steamapps\common\GarrysMod\garrysmod\data\soundlists\common_sounds.txt
Created folder: backup-10-19-2024-14-00-26\spuchip\e2shared
Copied file: C:\Program Files (x86)\Steam\steamapps\common\GarrysMod\garrysmod\data\stormfox\mapsetting.txt
Created folder: backup-10-19-2024-14-00-26\stormfox2\cl_settings
Created folder: backup-10-19-2024-14-00-26\stormfox2\streetlights
Created folder: backup-10-19-2024-14-00-26\stormfox2\sv_settings
Copied file: C:\Program Files (x86)\Steam\steamapps\common\GarrysMod\garrysmod\data\stormfox2\cl_settings\default.json
Copied file: C:\Program Files (x86)\Steam\steamapps\common\GarrysMod\garrysmod\data\stormfox2\streetlights\gm_bigcity_improved.json
Copied file: C:\Program Files (x86)\Steam\steamapps\common\GarrysMod\garrysmod\data\stormfox2\streetlights\gm_flatgrass.json
Copied file: C:\Program Files (x86)\Steam\steamapps\common\GarrysMod\garrysmod\data\stormfox2\streetlights\gm_omegagrass.json
Copied file: C:\Program Files (x86)\Steam\steamapps\common\GarrysMod\garrysmod\data\stormfox2\sv_settings\default.json
Created folder: backup-10-19-2024-14-00-26\streamradio\cache-cl
Created folder: backup-10-19-2024-14-00-26\streamradio\playlists
Copied file: C:\Program Files (x86)\Steam\steamapps\common\GarrysMod\garrysmod\data\streamradio\cache-cl\cache_039a20ec114b54a550d3ef1c135002160d22bf67.dat
Copied file: C:\Program Files (x86)\Steam\steamapps\common\GarrysMod\garrysmod\data\streamradio\cache-cl\cache_0d158a954db46142497056032641706901945cc2.dat
Copied file: C:\Program Files (x86)\Steam\steamapps\common\GarrysMod\garrysmod\data\streamradio\cache-cl\cache_1aec9259812f2b935ff725c4122db7d947edca44.dat
Copied file: C:\Program Files (x86)\Steam\steamapps\common\GarrysMod\garrysmod\data\streamradio\cache-cl\cache_42f2bc1007e6e680f8ce43c9030439b24214fe3f.dat
Copied file: C:\Program Files (x86)\Steam\steamapps\common\GarrysMod\garrysmod\data\streamradio\cache-cl\cache_75314d07221350ddbd901cab87807d7ea623d926.dat
Copied file: C:\Program Files (x86)\Steam\steamapps\common\GarrysMod\garrysmod\data\streamradio\cache-cl\cache_b39d150d696aa7187b978d56670cd22ea3fd1011.dat
Copied file: C:\Program Files (x86)\Steam\steamapps\common\GarrysMod\garrysmod\data\streamradio\cache-cl\cache_b79ae9d549718557388f8425dc17b62679b0db3c.dat
Copied file: C:\Program Files (x86)\Steam\steamapps\common\GarrysMod\garrysmod\data\streamradio\cache-cl\cache_be62bd64340c3c7028a8f4d1bd2860ba4f752b19.dat
Copied file: C:\Program Files (x86)\Steam\steamapps\common\GarrysMod\garrysmod\data\streamradio\cache-cl\cache_bee1a79d040422d4ec43201a72d6ff28eef9f1d8.dat
Copied file: C:\Program Files (x86)\Steam\steamapps\common\GarrysMod\garrysmod\data\streamradio\cache-cl\cache_df54155f4e7a4cd92af28caf41cef94cacfdd912.dat
Created folder: backup-10-19-2024-14-00-26\streamradio\playlists\local
Copied file: C:\Program Files (x86)\Steam\steamapps\common\GarrysMod\garrysmod\data\streamradio\playlists\local\half-life_json.txt
Copied file: C:\Program Files (x86)\Steam\steamapps\common\GarrysMod\garrysmod\data\streamradio\playlists\local\portal_json.txt
Copied file: C:\Program Files (x86)\Steam\steamapps\common\GarrysMod\garrysmod\data\svmod\client_1_4_0.txt
Copied file: C:\Program Files (x86)\Steam\steamapps\common\GarrysMod\garrysmod\data\svmod\models_airboat.mdl.txt
Copied file: C:\Program Files (x86)\Steam\steamapps\common\GarrysMod\garrysmod\data\svmod\models_black_mesa_vehicles_crownvic.mdl.txt
Copied file: C:\Program Files (x86)\Steam\steamapps\common\GarrysMod\garrysmod\data\svmod\models_black_mesa_vehicles_hummer.mdl.txt
Copied file: C:\Program Files (x86)\Steam\steamapps\common\GarrysMod\garrysmod\data\svmod\models_black_mesa_vehicles_hummertow.mdl.txt
Copied file: C:\Program Files (x86)\Steam\steamapps\common\GarrysMod\garrysmod\data\svmod\models_black_mesa_vehicles_jeep01.mdl.txt
Copied file: C:\Program Files (x86)\Steam\steamapps\common\GarrysMod\garrysmod\data\svmod\models_black_mesa_vehicles_lav.mdl.txt
Copied file: C:\Program Files (x86)\Steam\steamapps\common\GarrysMod\garrysmod\data\svmod\models_black_mesa_vehicles_m1075.mdl.txt
Copied file: C:\Program Files (x86)\Steam\steamapps\common\GarrysMod\garrysmod\data\svmod\models_black_mesa_vehicles_m35.mdl.txt
Copied file: C:\Program Files (x86)\Steam\steamapps\common\GarrysMod\garrysmod\data\svmod\models_black_mesa_vehicles_m35_canvas.mdl.txt
Copied file: C:\Program Files (x86)\Steam\steamapps\common\GarrysMod\garrysmod\data\svmod\models_black_mesa_vehicles_m35_woodback.mdl.txt
Copied file: C:\Program Files (x86)\Steam\steamapps\common\GarrysMod\garrysmod\data\svmod\models_black_mesa_vehicles_utility_truck.mdl.txt
Copied file: C:\Program Files (x86)\Steam\steamapps\common\GarrysMod\garrysmod\data\svmod\models_buggy.mdl.txt
Copied file: C:\Program Files (x86)\Steam\steamapps\common\GarrysMod\garrysmod\data\svmod\models_crsk_autos_bmw_x6m_f86_2015.mdl.txt
Copied file: C:\Program Files (x86)\Steam\steamapps\common\GarrysMod\garrysmod\data\svmod\models_crsk_autos_bmw_x6m_f86_2015_black.mdl.txt
Copied file: C:\Program Files (x86)\Steam\steamapps\common\GarrysMod\garrysmod\data\svmod\models_crsk_autos_ford_bronco_1982.mdl.txt
Copied file: C:\Program Files (x86)\Steam\steamapps\common\GarrysMod\garrysmod\data\svmod\models_crsk_autos_ford_mustang_gt_2018.mdl.txt
Copied file: C:\Program Files (x86)\Steam\steamapps\common\GarrysMod\garrysmod\data\svmod\models_crsk_autos_ford_mustang_rtr_2018.mdl.txt
Copied file: C:\Program Files (x86)\Steam\steamapps\common\GarrysMod\garrysmod\data\svmod\models_crsk_autos_honda_accord_2008.mdl.txt
Copied file: C:\Program Files (x86)\Steam\steamapps\common\GarrysMod\garrysmod\data\svmod\models_crsk_autos_lamborghini_jalpa_1984.mdl.txt
Copied file: C:\Program Files (x86)\Steam\steamapps\common\GarrysMod\garrysmod\data\svmod\models_crsk_autos_mercedes-benz_gt63s_coupe_amg_2018.mdl.txt
Copied file: C:\Program Files (x86)\Steam\steamapps\common\GarrysMod\garrysmod\data\svmod\models_crsk_autos_mercedes-benz_gt63s_coupe_amg_2018_black.mdl.txt
Copied file: C:\Program Files (x86)\Steam\steamapps\common\GarrysMod\garrysmod\data\svmod\models_crsk_autos_porsche_911_turbos_2017.mdl.txt
Copied file: C:\Program Files (x86)\Steam\steamapps\common\GarrysMod\garrysmod\data\svmod\models_crsk_autos_rolls-royce_phantom_viii_2018.mdl.txt
Copied file: C:\Program Files (x86)\Steam\steamapps\common\GarrysMod\garrysmod\data\svmod\models_crsk_autos_tesla_model_x_2015.mdl.txt
Copied file: C:\Program Files (x86)\Steam\steamapps\common\GarrysMod\garrysmod\data\svmod\models_ctvehicles_bmw_m8_f92.mdl.txt
Copied file: C:\Program Files (x86)\Steam\steamapps\common\GarrysMod\garrysmod\data\svmod\models_ctvehicles_cadillac_one.mdl.txt
Copied file: C:\Program Files (x86)\Steam\steamapps\common\GarrysMod\garrysmod\data\svmod\models_ctvehicles_chevrolet_colorado_zr2.mdl.txt
Copied file: C:\Program Files (x86)\Steam\steamapps\common\GarrysMod\garrysmod\data\svmod\models_ctvehicles_mini_hatch_jcw_convertible.mdl.txt
Copied file: C:\Program Files (x86)\Steam\steamapps\common\GarrysMod\garrysmod\data\svmod\models_ctvehicles_rimac_concept_two.mdl.txt
Copied file: C:\Program Files (x86)\Steam\steamapps\common\GarrysMod\garrysmod\data\svmod\models_ctvehicles_rolls_royce_cullinan.mdl.txt
Copied file: C:\Program Files (x86)\Steam\steamapps\common\GarrysMod\garrysmod\data\svmod\models_ctvehicles_tf2_bumper_car_blu.mdl.txt
Copied file: C:\Program Files (x86)\Steam\steamapps\common\GarrysMod\garrysmod\data\svmod\models_ctvehicles_tf2_bumper_car_red.mdl.txt
Copied file: C:\Program Files (x86)\Steam\steamapps\common\GarrysMod\garrysmod\data\svmod\models_ctvehicles_toyota_gr_supra.mdl.txt
Copied file: C:\Program Files (x86)\Steam\steamapps\common\GarrysMod\garrysmod\data\svmod\models_ctvehicles_western_star_5700xe_custom_optimus.mdl.txt
Copied file: C:\Program Files (x86)\Steam\steamapps\common\GarrysMod\garrysmod\data\svmod\models_lonewolfie_2000gtr_speedhunters.mdl.txt
Copied file: C:\Program Files (x86)\Steam\steamapps\common\GarrysMod\garrysmod\data\svmod\models_lonewolfie_2000gtr_stock.mdl.txt
Copied file: C:\Program Files (x86)\Steam\steamapps\common\GarrysMod\garrysmod\data\svmod\models_lonewolfie_asc_kz1r.mdl.txt
Copied file: C:\Program Files (x86)\Steam\steamapps\common\GarrysMod\garrysmod\data\svmod\models_lonewolfie_austin_healey_3000.mdl.txt
Copied file: C:\Program Files (x86)\Steam\steamapps\common\GarrysMod\garrysmod\data\svmod\models_lonewolfie_bentley_arnage_t.mdl.txt
Copied file: C:\Program Files (x86)\Steam\steamapps\common\GarrysMod\garrysmod\data\svmod\models_lonewolfie_bentley_blower.mdl.txt
Copied file: C:\Program Files (x86)\Steam\steamapps\common\GarrysMod\garrysmod\data\svmod\models_lonewolfie_bently_pmcontinental.mdl.txt
Copied file: C:\Program Files (x86)\Steam\steamapps\common\GarrysMod\garrysmod\data\svmod\models_lonewolfie_bmw_530d_touring.mdl.txt
Copied file: C:\Program Files (x86)\Steam\steamapps\common\GarrysMod\garrysmod\data\svmod\models_lonewolfie_bmw_530d_touring_pol.mdl.txt
Copied file: C:\Program Files (x86)\Steam\steamapps\common\GarrysMod\garrysmod\data\svmod\models_lonewolfie_bmw_530d_touring_und.mdl.txt
Copied file: C:\Program Files (x86)\Steam\steamapps\common\GarrysMod\garrysmod\data\svmod\models_lonewolfie_bmw_850csi.mdl.txt
Copied file: C:\Program Files (x86)\Steam\steamapps\common\GarrysMod\garrysmod\data\svmod\models_lonewolfie_bmw_i8.mdl.txt
Copied file: C:\Program Files (x86)\Steam\steamapps\common\GarrysMod\garrysmod\data\svmod\models_lonewolfie_bmw_m3_e30.mdl.txt
Copied file: C:\Program Files (x86)\Steam\steamapps\common\GarrysMod\garrysmod\data\svmod\models_lonewolfie_bmw_m3_e30_groupa.mdl.txt
Copied file: C:\Program Files (x86)\Steam\steamapps\common\GarrysMod\garrysmod\data\svmod\models_lonewolfie_bmw_m5e39.mdl.txt
Copied file: C:\Program Files (x86)\Steam\steamapps\common\GarrysMod\garrysmod\data\svmod\models_lonewolfie_bmw_x5_48i.mdl.txt
Copied file: C:\Program Files (x86)\Steam\steamapps\common\GarrysMod\garrysmod\data\svmod\models_lonewolfie_bmw_x5_48i_pol.mdl.txt
Copied file: C:\Program Files (x86)\Steam\steamapps\common\GarrysMod\garrysmod\data\svmod\models_lonewolfie_bugatti_veyron_grandsport.mdl.txt
Copied file: C:\Program Files (x86)\Steam\steamapps\common\GarrysMod\garrysmod\data\svmod\models_lonewolfie_cad_eldorado.mdl.txt
Copied file: C:\Program Files (x86)\Steam\steamapps\common\GarrysMod\garrysmod\data\svmod\models_lonewolfie_cad_eldorado_limo.mdl.txt
Copied file: C:\Program Files (x86)\Steam\steamapps\common\GarrysMod\garrysmod\data\svmod\models_lonewolfie_caterham_r500_superlight.mdl.txt
Copied file: C:\Program Files (x86)\Steam\steamapps\common\GarrysMod\garrysmod\data\svmod\models_lonewolfie_chev_camaro_68.mdl.txt
Copied file: C:\Program Files (x86)\Steam\steamapps\common\GarrysMod\garrysmod\data\svmod\models_lonewolfie_chev_impala_09.mdl.txt
Copied file: C:\Program Files (x86)\Steam\steamapps\common\GarrysMod\garrysmod\data\svmod\models_lonewolfie_chev_impala_09_police.mdl.txt
Copied file: C:\Program Files (x86)\Steam\steamapps\common\GarrysMod\garrysmod\data\svmod\models_lonewolfie_chev_impala_09_taxi.mdl.txt
Copied file: C:\Program Files (x86)\Steam\steamapps\common\GarrysMod\garrysmod\data\svmod\models_lonewolfie_chev_nascar.mdl.txt
Copied file: C:\Program Files (x86)\Steam\steamapps\common\GarrysMod\garrysmod\data\svmod\models_lonewolfie_chev_suburban.mdl.txt
Copied file: C:\Program Files (x86)\Steam\steamapps\common\GarrysMod\garrysmod\data\svmod\models_lonewolfie_chev_suburban_pol.mdl.txt
Copied file: C:\Program Files (x86)\Steam\steamapps\common\GarrysMod\garrysmod\data\svmod\models_lonewolfie_chev_suburban_pol_und.mdl.txt
Copied file: C:\Program Files (x86)\Steam\steamapps\common\GarrysMod\garrysmod\data\svmod\models_lonewolfie_chev_tahoe.mdl.txt
Copied file: C:\Program Files (x86)\Steam\steamapps\common\GarrysMod\garrysmod\data\svmod\models_lonewolfie_chev_tahoe_police.mdl.txt
Copied file: C:\Program Files (x86)\Steam\steamapps\common\GarrysMod\garrysmod\data\svmod\models_lonewolfie_citroen_ds3_rally.mdl.txt
Copied file: C:\Program Files (x86)\Steam\steamapps\common\GarrysMod\garrysmod\data\svmod\models_lonewolfie_corvette_c7r.mdl.txt
Copied file: C:\Program Files (x86)\Steam\steamapps\common\GarrysMod\garrysmod\data\svmod\models_lonewolfie_detomaso_pantera.mdl.txt
Copied file: C:\Program Files (x86)\Steam\steamapps\common\GarrysMod\garrysmod\data\svmod\models_lonewolfie_dodge_charger_2015.mdl.txt
Copied file: C:\Program Files (x86)\Steam\steamapps\common\GarrysMod\garrysmod\data\svmod\models_lonewolfie_dodge_charger_2015_police.mdl.txt
Copied file: C:\Program Files (x86)\Steam\steamapps\common\GarrysMod\garrysmod\data\svmod\models_lonewolfie_dodge_charger_2015_undercover.mdl.txt
Copied file: C:\Program Files (x86)\Steam\steamapps\common\GarrysMod\garrysmod\data\svmod\models_lonewolfie_dodge_daytona.mdl.txt
Copied file: C:\Program Files (x86)\Steam\steamapps\common\GarrysMod\garrysmod\data\svmod\models_lonewolfie_dodge_monaco.mdl.txt
Copied file: C:\Program Files (x86)\Steam\steamapps\common\GarrysMod\garrysmod\data\svmod\models_lonewolfie_dodge_monaco_police.mdl.txt
Copied file: C:\Program Files (x86)\Steam\steamapps\common\GarrysMod\garrysmod\data\svmod\models_lonewolfie_dodge_ram_1500_outdoorsman.mdl.txt
Copied file: C:\Program Files (x86)\Steam\steamapps\common\GarrysMod\garrysmod\data\svmod\models_lonewolfie_dodge_viper.mdl.txt
Copied file: C:\Program Files (x86)\Steam\steamapps\common\GarrysMod\garrysmod\data\svmod\models_lonewolfie_dod_charger_70_fnf.mdl.txt
Copied file: C:\Program Files (x86)\Steam\steamapps\common\GarrysMod\garrysmod\data\svmod\models_lonewolfie_ferrari_312.mdl.txt
Copied file: C:\Program Files (x86)\Steam\steamapps\common\GarrysMod\garrysmod\data\svmod\models_lonewolfie_ferrari_365gts.mdl.txt
Copied file: C:\Program Files (x86)\Steam\steamapps\common\GarrysMod\garrysmod\data\svmod\models_lonewolfie_ferrari_458.mdl.txt
Copied file: C:\Program Files (x86)\Steam\steamapps\common\GarrysMod\garrysmod\data\svmod\models_lonewolfie_ferrari_f40.mdl.txt
Copied file: C:\Program Files (x86)\Steam\steamapps\common\GarrysMod\garrysmod\data\svmod\models_lonewolfie_ferrari_ff.mdl.txt
Copied file: C:\Program Files (x86)\Steam\steamapps\common\GarrysMod\garrysmod\data\svmod\models_lonewolfie_ferrari_laferrari.mdl.txt
Copied file: C:\Program Files (x86)\Steam\steamapps\common\GarrysMod\garrysmod\data\svmod\models_lonewolfie_fer_458_compe.mdl.txt
Copied file: C:\Program Files (x86)\Steam\steamapps\common\GarrysMod\garrysmod\data\svmod\models_lonewolfie_ford_capri_rs3100.mdl.txt
Copied file: C:\Program Files (x86)\Steam\steamapps\common\GarrysMod\garrysmod\data\svmod\models_lonewolfie_ford_capri_rs3100_police.mdl.txt
Copied file: C:\Program Files (x86)\Steam\steamapps\common\GarrysMod\garrysmod\data\svmod\models_lonewolfie_ford_f350_ambu.mdl.txt
Copied file: C:\Program Files (x86)\Steam\steamapps\common\GarrysMod\garrysmod\data\svmod\models_lonewolfie_ford_falcon_xb.mdl.txt
Copied file: C:\Program Files (x86)\Steam\steamapps\common\GarrysMod\garrysmod\data\svmod\models_lonewolfie_ford_foxbody_stock.mdl.txt
Copied file: C:\Program Files (x86)\Steam\steamapps\common\GarrysMod\garrysmod\data\svmod\models_lonewolfie_ford_mustang_whitegirl.mdl.txt
Copied file: C:\Program Files (x86)\Steam\steamapps\common\GarrysMod\garrysmod\data\svmod\models_lonewolfie_ford_rs200.mdl.txt
Copied file: C:\Program Files (x86)\Steam\steamapps\common\GarrysMod\garrysmod\data\svmod\models_lonewolfie_gmc_savana.mdl.txt
Copied file: C:\Program Files (x86)\Steam\steamapps\common\GarrysMod\garrysmod\data\svmod\models_lonewolfie_gmc_savana_news.mdl.txt
Copied file: C:\Program Files (x86)\Steam\steamapps\common\GarrysMod\garrysmod\data\svmod\models_lonewolfie_gmc_typhoon.mdl.txt
Copied file: C:\Program Files (x86)\Steam\steamapps\common\GarrysMod\garrysmod\data\svmod\models_lonewolfie_gmc_yukon.mdl.txt
Copied file: C:\Program Files (x86)\Steam\steamapps\common\GarrysMod\garrysmod\data\svmod\models_lonewolfie_honda_nsxr.mdl.txt
Copied file: C:\Program Files (x86)\Steam\steamapps\common\GarrysMod\garrysmod\data\svmod\models_lonewolfie_hummer_h1_tc.mdl.txt
Copied file: C:\Program Files (x86)\Steam\steamapps\common\GarrysMod\garrysmod\data\svmod\models_lonewolfie_hummer_h1_tc_offroad.mdl.txt
Copied file: C:\Program Files (x86)\Steam\steamapps\common\GarrysMod\garrysmod\data\svmod\models_lonewolfie_jaguar_xfr.mdl.txt
Copied file: C:\Program Files (x86)\Steam\steamapps\common\GarrysMod\garrysmod\data\svmod\models_lonewolfie_jaguar_xfr_pol.mdl.txt
Copied file: C:\Program Files (x86)\Steam\steamapps\common\GarrysMod\garrysmod\data\svmod\models_lonewolfie_jaguar_xfr_pol_und.mdl.txt
Copied file: C:\Program Files (x86)\Steam\steamapps\common\GarrysMod\garrysmod\data\svmod\models_lonewolfie_jaguar_xj220.mdl.txt
Copied file: C:\Program Files (x86)\Steam\steamapps\common\GarrysMod\garrysmod\data\svmod\models_lonewolfie_kamaz.mdl.txt
Copied file: C:\Program Files (x86)\Steam\steamapps\common\GarrysMod\garrysmod\data\svmod\models_lonewolfie_lada_2108.mdl.txt
Copied file: C:\Program Files (x86)\Steam\steamapps\common\GarrysMod\garrysmod\data\svmod\models_lonewolfie_lam_countach.mdl.txt
Copied file: C:\Program Files (x86)\Steam\steamapps\common\GarrysMod\garrysmod\data\svmod\models_lonewolfie_lam_huracan.mdl.txt
Copied file: C:\Program Files (x86)\Steam\steamapps\common\GarrysMod\garrysmod\data\svmod\models_lonewolfie_lam_reventon.mdl.txt
Copied file: C:\Program Files (x86)\Steam\steamapps\common\GarrysMod\garrysmod\data\svmod\models_lonewolfie_lancia_037_stradale.mdl.txt
Copied file: C:\Program Files (x86)\Steam\steamapps\common\GarrysMod\garrysmod\data\svmod\models_lonewolfie_lotus_esprit_80.mdl.txt
Copied file: C:\Program Files (x86)\Steam\steamapps\common\GarrysMod\garrysmod\data\svmod\models_lonewolfie_lotus_exiges_roadster.mdl.txt
Copied file: C:\Program Files (x86)\Steam\steamapps\common\GarrysMod\garrysmod\data\svmod\models_lonewolfie_lykan_hypersport.mdl.txt
Copied file: C:\Program Files (x86)\Steam\steamapps\common\GarrysMod\garrysmod\data\svmod\models_lonewolfie_maz.mdl.txt
Copied file: C:\Program Files (x86)\Steam\steamapps\common\GarrysMod\garrysmod\data\svmod\models_lonewolfie_maz_miata_94.mdl.txt
Copied file: C:\Program Files (x86)\Steam\steamapps\common\GarrysMod\garrysmod\data\svmod\models_lonewolfie_mclaren_f1_gtr97.mdl.txt
Copied file: C:\Program Files (x86)\Steam\steamapps\common\GarrysMod\garrysmod\data\svmod\models_lonewolfie_mercedes_190e_evo.mdl.txt
Copied file: C:\Program Files (x86)\Steam\steamapps\common\GarrysMod\garrysmod\data\svmod\models_lonewolfie_mercedes_slk55_amg.mdl.txt
Copied file: C:\Program Files (x86)\Steam\steamapps\common\GarrysMod\garrysmod\data\svmod\models_lonewolfie_merc_sprinter_boxtruck.mdl.txt
Copied file: C:\Program Files (x86)\Steam\steamapps\common\GarrysMod\garrysmod\data\svmod\models_lonewolfie_merc_sprinter_lwb.mdl.txt
Copied file: C:\Program Files (x86)\Steam\steamapps\common\GarrysMod\garrysmod\data\svmod\models_lonewolfie_merc_sprinter_openchassis.mdl.txt
Copied file: C:\Program Files (x86)\Steam\steamapps\common\GarrysMod\garrysmod\data\svmod\models_lonewolfie_merc_sprinter_swb.mdl.txt
Copied file: C:\Program Files (x86)\Steam\steamapps\common\GarrysMod\garrysmod\data\svmod\models_lonewolfie_mer_c63_amg.mdl.txt
Copied file: C:\Program Files (x86)\Steam\steamapps\common\GarrysMod\garrysmod\data\svmod\models_lonewolfie_mer_g65.mdl.txt
Copied file: C:\Program Files (x86)\Steam\steamapps\common\GarrysMod\garrysmod\data\svmod\models_lonewolfie_mer_g65_6x6.mdl.txt
Copied file: C:\Program Files (x86)\Steam\steamapps\common\GarrysMod\garrysmod\data\svmod\models_lonewolfie_mitsu_evo_six.mdl.txt
Copied file: C:\Program Files (x86)\Steam\steamapps\common\GarrysMod\garrysmod\data\svmod\models_lonewolfie_morgan_3wheeler.mdl.txt
Copied file: C:\Program Files (x86)\Steam\steamapps\common\GarrysMod\garrysmod\data\svmod\models_lonewolfie_nfs_mustanggt.mdl.txt
Copied file: C:\Program Files (x86)\Steam\steamapps\common\GarrysMod\garrysmod\data\svmod\models_lonewolfie_nissan_sileighty.mdl.txt
Copied file: C:\Program Files (x86)\Steam\steamapps\common\GarrysMod\garrysmod\data\svmod\models_lonewolfie_nissan_silvia_s14.mdl.txt
Copied file: C:\Program Files (x86)\Steam\steamapps\common\GarrysMod\garrysmod\data\svmod\models_lonewolfie_nissan_silvia_s14_wide.mdl.txt
Copied file: C:\Program Files (x86)\Steam\steamapps\common\GarrysMod\garrysmod\data\svmod\models_lonewolfie_nissan_silvia_s14_works.mdl.txt
Copied file: C:\Program Files (x86)\Steam\steamapps\common\GarrysMod\garrysmod\data\svmod\models_lonewolfie_nis_s13.mdl.txt
Copied file: C:\Program Files (x86)\Steam\steamapps\common\GarrysMod\garrysmod\data\svmod\models_lonewolfie_nis_skyline_r32.mdl.txt
Copied file: C:\Program Files (x86)\Steam\steamapps\common\GarrysMod\garrysmod\data\svmod\models_lonewolfie_polaris_4x4.mdl.txt
Copied file: C:\Program Files (x86)\Steam\steamapps\common\GarrysMod\garrysmod\data\svmod\models_lonewolfie_polaris_6x6.mdl.txt
Copied file: C:\Program Files (x86)\Steam\steamapps\common\GarrysMod\garrysmod\data\svmod\models_lonewolfie_porsche_911_rsr_74.mdl.txt
Copied file: C:\Program Files (x86)\Steam\steamapps\common\GarrysMod\garrysmod\data\svmod\models_lonewolfie_renault_alpine.mdl.txt
Copied file: C:\Program Files (x86)\Steam\steamapps\common\GarrysMod\garrysmod\data\svmod\models_lonewolfie_renault_alpine_zar.mdl.txt
Copied file: C:\Program Files (x86)\Steam\steamapps\common\GarrysMod\garrysmod\data\svmod\models_lonewolfie_ren_5turbo.mdl.txt
Copied file: C:\Program Files (x86)\Steam\steamapps\common\GarrysMod\garrysmod\data\svmod\models_lonewolfie_ren_meganers.mdl.txt
Copied file: C:\Program Files (x86)\Steam\steamapps\common\GarrysMod\garrysmod\data\svmod\models_lonewolfie_shelby_glhs.mdl.txt
Copied file: C:\Program Files (x86)\Steam\steamapps\common\GarrysMod\garrysmod\data\svmod\models_lonewolfie_shelby_gt500kr.mdl.txt
Copied file: C:\Program Files (x86)\Steam\steamapps\common\GarrysMod\garrysmod\data\svmod\models_lonewolfie_smart_fortwo.mdl.txt
Copied file: C:\Program Files (x86)\Steam\steamapps\common\GarrysMod\garrysmod\data\svmod\models_lonewolfie_spyker_aileron.mdl.txt
Copied file: C:\Program Files (x86)\Steam\steamapps\common\GarrysMod\garrysmod\data\svmod\models_lonewolfie_subaru_22b.mdl.txt
Copied file: C:\Program Files (x86)\Steam\steamapps\common\GarrysMod\garrysmod\data\svmod\models_lonewolfie_subaru_brz.mdl.txt
Copied file: C:\Program Files (x86)\Steam\steamapps\common\GarrysMod\garrysmod\data\svmod\models_lonewolfie_subaru_impreza_2001.mdl.txt
Copied file: C:\Program Files (x86)\Steam\steamapps\common\GarrysMod\garrysmod\data\svmod\models_lonewolfie_subaru_impreza_2004.mdl.txt
Copied file: C:\Program Files (x86)\Steam\steamapps\common\GarrysMod\garrysmod\data\svmod\models_lonewolfie_suzuki_kingquad.mdl.txt
Copied file: C:\Program Files (x86)\Steam\steamapps\common\GarrysMod\garrysmod\data\svmod\models_lonewolfie_trucks_daf_xfeuro6_4x2.mdl.txt
Copied file: C:\Program Files (x86)\Steam\steamapps\common\GarrysMod\garrysmod\data\svmod\models_lonewolfie_trucks_mercedes_actros_2014_4x2.mdl.txt
Copied file: C:\Program Files (x86)\Steam\steamapps\common\GarrysMod\garrysmod\data\svmod\models_lonewolfie_trucks_mercedes_actros_6x4.mdl.txt
Copied file: C:\Program Files (x86)\Steam\steamapps\common\GarrysMod\garrysmod\data\svmod\models_lonewolfie_tvr_cerbera12.mdl.txt
Copied file: C:\Program Files (x86)\Steam\steamapps\common\GarrysMod\garrysmod\data\svmod\models_lonewolfie_tvr_sagaris.mdl.txt
Copied file: C:\Program Files (x86)\Steam\steamapps\common\GarrysMod\garrysmod\data\svmod\models_lonewolfie_tvr_tuscans.mdl.txt
Copied file: C:\Program Files (x86)\Steam\steamapps\common\GarrysMod\garrysmod\data\svmod\models_lonewolfie_uaz_31519.mdl.txt
Copied file: C:\Program Files (x86)\Steam\steamapps\common\GarrysMod\garrysmod\data\svmod\models_lonewolfie_uaz_31519_pol.mdl.txt
Copied file: C:\Program Files (x86)\Steam\steamapps\common\GarrysMod\garrysmod\data\svmod\models_lonewolfie_uaz_3170.mdl.txt
Copied file: C:\Program Files (x86)\Steam\steamapps\common\GarrysMod\garrysmod\data\svmod\models_lonewolfie_uaz_3907_jaguar.mdl.txt
Copied file: C:\Program Files (x86)\Steam\steamapps\common\GarrysMod\garrysmod\data\svmod\models_lonewolfie_uaz_452.mdl.txt
Copied file: C:\Program Files (x86)\Steam\steamapps\common\GarrysMod\garrysmod\data\svmod\models_lonewolfie_uaz_452_ambu.mdl.txt
Copied file: C:\Program Files (x86)\Steam\steamapps\common\GarrysMod\garrysmod\data\svmod\models_lonewolfie_volvo_s60.mdl.txt
Copied file: C:\Program Files (x86)\Steam\steamapps\common\GarrysMod\garrysmod\data\svmod\models_lonewolfie_volvo_s60_pol.mdl.txt
Copied file: C:\Program Files (x86)\Steam\steamapps\common\GarrysMod\garrysmod\data\svmod\models_lonewolfie_yare_buggy.mdl.txt
Copied file: C:\Program Files (x86)\Steam\steamapps\common\GarrysMod\garrysmod\data\svmod\models_rytrak_seashark.mdl.txt
Copied file: C:\Program Files (x86)\Steam\steamapps\common\GarrysMod\garrysmod\data\svmod\models_sentry_07crownvic.mdl.txt
Copied file: C:\Program Files (x86)\Steam\steamapps\common\GarrysMod\garrysmod\data\svmod\models_sentry_07crownvic_cvpi.mdl.txt
Copied file: C:\Program Files (x86)\Steam\steamapps\common\GarrysMod\garrysmod\data\svmod\models_sentry_07crownvic_uc.mdl.txt
Copied file: C:\Program Files (x86)\Steam\steamapps\common\GarrysMod\garrysmod\data\svmod\models_sentry_15camaro.mdl.txt
Copied file: C:\Program Files (x86)\Steam\steamapps\common\GarrysMod\garrysmod\data\svmod\models_sentry_15charger_new.mdl.txt
Copied file: C:\Program Files (x86)\Steam\steamapps\common\GarrysMod\garrysmod\data\svmod\models_sentry_15charger_new_cop.mdl.txt
Copied file: C:\Program Files (x86)\Steam\steamapps\common\GarrysMod\garrysmod\data\svmod\models_sentry_17raptor.mdl.txt
Copied file: C:\Program Files (x86)\Steam\steamapps\common\GarrysMod\garrysmod\data\svmod\models_sentry_17raptor_cop.mdl.txt
Copied file: C:\Program Files (x86)\Steam\steamapps\common\GarrysMod\garrysmod\data\svmod\models_sentry_180sx_new.mdl.txt
Copied file: C:\Program Files (x86)\Steam\steamapps\common\GarrysMod\garrysmod\data\svmod\models_sentry_240sx.mdl.txt
Copied file: C:\Program Files (x86)\Steam\steamapps\common\GarrysMod\garrysmod\data\svmod\models_sentry_650s.mdl.txt
Copied file: C:\Program Files (x86)\Steam\steamapps\common\GarrysMod\garrysmod\data\svmod\models_sentry_911turbo.mdl.txt
Copied file: C:\Program Files (x86)\Steam\steamapps\common\GarrysMod\garrysmod\data\svmod\models_sentry_918.mdl.txt
Copied file: C:\Program Files (x86)\Steam\steamapps\common\GarrysMod\garrysmod\data\svmod\models_sentry_997.mdl.txt
Copied file: C:\Program Files (x86)\Steam\steamapps\common\GarrysMod\garrysmod\data\svmod\models_sentry_ae86.mdl.txt
Copied file: C:\Program Files (x86)\Steam\steamapps\common\GarrysMod\garrysmod\data\svmod\models_sentry_agera.mdl.txt
Copied file: C:\Program Files (x86)\Steam\steamapps\common\GarrysMod\garrysmod\data\svmod\models_sentry_amggt.mdl.txt
Copied file: C:\Program Files (x86)\Steam\steamapps\common\GarrysMod\garrysmod\data\svmod\models_sentry_aventador.mdl.txt
Copied file: C:\Program Files (x86)\Steam\steamapps\common\GarrysMod\garrysmod\data\svmod\models_sentry_belair.mdl.txt
Copied file: C:\Program Files (x86)\Steam\steamapps\common\GarrysMod\garrysmod\data\svmod\models_sentry_boss429.mdl.txt
Copied file: C:\Program Files (x86)\Steam\steamapps\common\GarrysMod\garrysmod\data\svmod\models_sentry_bus.mdl.txt
Copied file: C:\Program Files (x86)\Steam\steamapps\common\GarrysMod\garrysmod\data\svmod\models_sentry_c4500.mdl.txt
Copied file: C:\Program Files (x86)\Steam\steamapps\common\GarrysMod\garrysmod\data\svmod\models_sentry_c5500_ambu.mdl.txt
Copied file: C:\Program Files (x86)\Steam\steamapps\common\GarrysMod\garrysmod\data\svmod\models_sentry_ccx.mdl.txt
Copied file: C:\Program Files (x86)\Steam\steamapps\common\GarrysMod\garrysmod\data\svmod\models_sentry_challenger392.mdl.txt
Copied file: C:\Program Files (x86)\Steam\steamapps\common\GarrysMod\garrysmod\data\svmod\models_sentry_charger.mdl.txt
Copied file: C:\Program Files (x86)\Steam\steamapps\common\GarrysMod\garrysmod\data\svmod\models_sentry_cinque_new.mdl.txt
Copied file: C:\Program Files (x86)\Steam\steamapps\common\GarrysMod\garrysmod\data\svmod\models_sentry_civicsi.mdl.txt
Copied file: C:\Program Files (x86)\Steam\steamapps\common\GarrysMod\garrysmod\data\svmod\models_sentry_cobrar.mdl.txt
Copied file: C:\Program Files (x86)\Steam\steamapps\common\GarrysMod\garrysmod\data\svmod\models_sentry_crownvic.mdl.txt
Copied file: C:\Program Files (x86)\Steam\steamapps\common\GarrysMod\garrysmod\data\svmod\models_sentry_crownviccvpi.mdl.txt
Copied file: C:\Program Files (x86)\Steam\steamapps\common\GarrysMod\garrysmod\data\svmod\models_sentry_crownvicuc.mdl.txt
Copied file: C:\Program Files (x86)\Steam\steamapps\common\GarrysMod\garrysmod\data\svmod\models_sentry_cvpi_new.mdl.txt
Copied file: C:\Program Files (x86)\Steam\steamapps\common\GarrysMod\garrysmod\data\svmod\models_sentry_demon_fh3.mdl.txt
Copied file: C:\Program Files (x86)\Steam\steamapps\common\GarrysMod\garrysmod\data\svmod\models_sentry_elcamino.mdl.txt
Copied file: C:\Program Files (x86)\Steam\steamapps\common\GarrysMod\garrysmod\data\svmod\models_sentry_explorer.mdl.txt
Copied file: C:\Program Files (x86)\Steam\steamapps\common\GarrysMod\garrysmod\data\svmod\models_sentry_ferrarif1.mdl.txt
Copied file: C:\Program Files (x86)\Steam\steamapps\common\GarrysMod\garrysmod\data\svmod\models_sentry_fireengine.mdl.txt
Copied file: C:\Program Files (x86)\Steam\steamapps\common\GarrysMod\garrysmod\data\svmod\models_sentry_fireladder.mdl.txt
Copied file: C:\Program Files (x86)\Steam\steamapps\common\GarrysMod\garrysmod\data\svmod\models_sentry_fordgt.mdl.txt
Copied file: C:\Program Files (x86)\Steam\steamapps\common\GarrysMod\garrysmod\data\svmod\models_sentry_grandcaravan.mdl.txt
Copied file: C:\Program Files (x86)\Steam\steamapps\common\GarrysMod\garrysmod\data\svmod\models_sentry_gt4.mdl.txt
Copied file: C:\Program Files (x86)\Steam\steamapps\common\GarrysMod\garrysmod\data\svmod\models_sentry_huarya.mdl.txt
Copied file: C:\Program Files (x86)\Steam\steamapps\common\GarrysMod\garrysmod\data\svmod\models_sentry_i9300.mdl.txt
Copied file: C:\Program Files (x86)\Steam\steamapps\common\GarrysMod\garrysmod\data\svmod\models_sentry_impala.mdl.txt
Copied file: C:\Program Files (x86)\Steam\steamapps\common\GarrysMod\garrysmod\data\svmod\models_sentry_javelin.mdl.txt
Copied file: C:\Program Files (x86)\Steam\steamapps\common\GarrysMod\garrysmod\data\svmod\models_sentry_kt600.mdl.txt
Copied file: C:\Program Files (x86)\Steam\steamapps\common\GarrysMod\garrysmod\data\svmod\models_sentry_lambosine.mdl.txt
Copied file: C:\Program Files (x86)\Steam\steamapps\common\GarrysMod\garrysmod\data\svmod\models_sentry_lfa.mdl.txt
Copied file: C:\Program Files (x86)\Steam\steamapps\common\GarrysMod\garrysmod\data\svmod\models_sentry_m62.mdl.txt
Copied file: C:\Program Files (x86)\Steam\steamapps\common\GarrysMod\garrysmod\data\svmod\models_sentry_m635csi.mdl.txt
Copied file: C:\Program Files (x86)\Steam\steamapps\common\GarrysMod\garrysmod\data\svmod\models_sentry_manstertreeeuck.mdl.txt
Copied file: C:\Program Files (x86)\Steam\steamapps\common\GarrysMod\garrysmod\data\svmod\models_sentry_mclarenf1.mdl.txt
Copied file: C:\Program Files (x86)\Steam\steamapps\common\GarrysMod\garrysmod\data\svmod\models_sentry_model3.mdl.txt
Copied file: C:\Program Files (x86)\Steam\steamapps\common\GarrysMod\garrysmod\data\svmod\models_sentry_mp412c_new.mdl.txt
Copied file: C:\Program Files (x86)\Steam\steamapps\common\GarrysMod\garrysmod\data\svmod\models_sentry_mrap.mdl.txt
Copied file: C:\Program Files (x86)\Steam\steamapps\common\GarrysMod\garrysmod\data\svmod\models_sentry_mx5.mdl.txt
Copied file: C:\Program Files (x86)\Steam\steamapps\common\GarrysMod\garrysmod\data\svmod\models_sentry_nismor35.mdl.txt
Copied file: C:\Program Files (x86)\Steam\steamapps\common\GarrysMod\garrysmod\data\svmod\models_sentry_nsx.mdl.txt
Copied file: C:\Program Files (x86)\Steam\steamapps\common\GarrysMod\garrysmod\data\svmod\models_sentry_p1.mdl.txt
Copied file: C:\Program Files (x86)\Steam\steamapps\common\GarrysMod\garrysmod\data\svmod\models_sentry_p379.mdl.txt
Copied file: C:\Program Files (x86)\Steam\steamapps\common\GarrysMod\garrysmod\data\svmod\models_sentry_p50_fh4.mdl.txt
Copied file: C:\Program Files (x86)\Steam\steamapps\common\GarrysMod\garrysmod\data\svmod\models_sentry_peelp50.mdl.txt
Copied file: C:\Program Files (x86)\Steam\steamapps\common\GarrysMod\garrysmod\data\svmod\models_sentry_ram3500.mdl.txt
Copied file: C:\Program Files (x86)\Steam\steamapps\common\GarrysMod\garrysmod\data\svmod\models_sentry_rhib.mdl.txt
Copied file: C:\Program Files (x86)\Steam\steamapps\common\GarrysMod\garrysmod\data\svmod\models_sentry_roadsters.mdl.txt
Copied file: C:\Program Files (x86)\Steam\steamapps\common\GarrysMod\garrysmod\data\svmod\models_sentry_rv.mdl.txt
Copied file: C:\Program Files (x86)\Steam\steamapps\common\GarrysMod\garrysmod\data\svmod\models_sentry_s281e.mdl.txt
Copied file: C:\Program Files (x86)\Steam\steamapps\common\GarrysMod\garrysmod\data\svmod\models_sentry_shelbycobra.mdl.txt
Copied file: C:\Program Files (x86)\Steam\steamapps\common\GarrysMod\garrysmod\data\svmod\models_sentry_supercab.mdl.txt
Copied file: C:\Program Files (x86)\Steam\steamapps\common\GarrysMod\garrysmod\data\svmod\models_sentry_supervan.mdl.txt
Copied file: C:\Program Files (x86)\Steam\steamapps\common\GarrysMod\garrysmod\data\svmod\models_sentry_taurussho.mdl.txt
Copied file: C:\Program Files (x86)\Steam\steamapps\common\GarrysMod\garrysmod\data\svmod\models_sentry_z06.mdl.txt
Copied file: C:\Program Files (x86)\Steam\steamapps\common\GarrysMod\garrysmod\data\svmod\models_sentry_zr1.mdl.txt
Copied file: C:\Program Files (x86)\Steam\steamapps\common\GarrysMod\garrysmod\data\svmod\models_sligwolf_bus_bus.mdl.txt
Copied file: C:\Program Files (x86)\Steam\steamapps\common\GarrysMod\garrysmod\data\svmod\models_sligwolf_garbagetruck_sw_truck.mdl.txt
Copied file: C:\Program Files (x86)\Steam\steamapps\common\GarrysMod\garrysmod\data\svmod\models_sligwolf_gokart_sw_gokart.mdl.txt
Copied file: C:\Program Files (x86)\Steam\steamapps\common\GarrysMod\garrysmod\data\svmod\models_sligwolf_towtruck_sw_towtruck.mdl.txt
Copied file: C:\Program Files (x86)\Steam\steamapps\common\GarrysMod\garrysmod\data\svmod\models_stcars_15f150.mdl.txt
Copied file: C:\Program Files (x86)\Steam\steamapps\common\GarrysMod\garrysmod\data\svmod\models_talonvehicles_tal_f150_pol.mdl.txt
Copied file: C:\Program Files (x86)\Steam\steamapps\common\GarrysMod\garrysmod\data\svmod\models_talonvehicles_tal_gm_silverado_2500.mdl.txt
Copied file: C:\Program Files (x86)\Steam\steamapps\common\GarrysMod\garrysmod\data\svmod\models_talonvehicles_tal_gm_silverado_3500.mdl.txt
Copied file: C:\Program Files (x86)\Steam\steamapps\common\GarrysMod\garrysmod\data\svmod\models_tdmcars_242turbo.mdl.txt
Copied file: C:\Program Files (x86)\Steam\steamapps\common\GarrysMod\garrysmod\data\svmod\models_tdmcars_350z.mdl.txt
Copied file: C:\Program Files (x86)\Steam\steamapps\common\GarrysMod\garrysmod\data\svmod\models_tdmcars_69camaro.mdl.txt
Copied file: C:\Program Files (x86)\Steam\steamapps\common\GarrysMod\garrysmod\data\svmod\models_tdmcars_997gt3.mdl.txt
Copied file: C:\Program Files (x86)\Steam\steamapps\common\GarrysMod\garrysmod\data\svmod\models_tdmcars_aston_v12vantage.mdl.txt
Copied file: C:\Program Files (x86)\Steam\steamapps\common\GarrysMod\garrysmod\data\svmod\models_tdmcars_ast_db5.mdl.txt
Copied file: C:\Program Files (x86)\Steam\steamapps\common\GarrysMod\garrysmod\data\svmod\models_tdmcars_ast_rapide.mdl.txt
Copied file: C:\Program Files (x86)\Steam\steamapps\common\GarrysMod\garrysmod\data\svmod\models_tdmcars_audir8.mdl.txt
Copied file: C:\Program Files (x86)\Steam\steamapps\common\GarrysMod\garrysmod\data\svmod\models_tdmcars_auditt.mdl.txt
Copied file: C:\Program Files (x86)\Steam\steamapps\common\GarrysMod\garrysmod\data\svmod\models_tdmcars_audi_r8_plus.mdl.txt
Copied file: C:\Program Files (x86)\Steam\steamapps\common\GarrysMod\garrysmod\data\svmod\models_tdmcars_audi_r8_spyder.mdl.txt
Copied file: C:\Program Files (x86)\Steam\steamapps\common\GarrysMod\garrysmod\data\svmod\models_tdmcars_aud_rs4avant.mdl.txt
Copied file: C:\Program Files (x86)\Steam\steamapps\common\GarrysMod\garrysmod\data\svmod\models_tdmcars_aud_s4.mdl.txt
Copied file: C:\Program Files (x86)\Steam\steamapps\common\GarrysMod\garrysmod\data\svmod\models_tdmcars_beetle.mdl.txt
Copied file: C:\Program Files (x86)\Steam\steamapps\common\GarrysMod\garrysmod\data\svmod\models_tdmcars_bmw507.mdl.txt
Copied file: C:\Program Files (x86)\Steam\steamapps\common\GarrysMod\garrysmod\data\svmod\models_tdmcars_bmwm1.mdl.txt
Copied file: C:\Program Files (x86)\Steam\steamapps\common\GarrysMod\garrysmod\data\svmod\models_tdmcars_bmwm3e92.mdl.txt
Copied file: C:\Program Files (x86)\Steam\steamapps\common\GarrysMod\garrysmod\data\svmod\models_tdmcars_bmwm5e34.mdl.txt
Copied file: C:\Program Files (x86)\Steam\steamapps\common\GarrysMod\garrysmod\data\svmod\models_tdmcars_bmwm5e60.mdl.txt
Copied file: C:\Program Files (x86)\Steam\steamapps\common\GarrysMod\garrysmod\data\svmod\models_tdmcars_bmw_1m.mdl.txt
Copied file: C:\Program Files (x86)\Steam\steamapps\common\GarrysMod\garrysmod\data\svmod\models_tdmcars_bmw_340i.mdl.txt
Copied file: C:\Program Files (x86)\Steam\steamapps\common\GarrysMod\garrysmod\data\svmod\models_tdmcars_bmw_isetta.mdl.txt
Copied file: C:\Program Files (x86)\Steam\steamapps\common\GarrysMod\garrysmod\data\svmod\models_tdmcars_bmw_m3_gtr.mdl.txt
Copied file: C:\Program Files (x86)\Steam\steamapps\common\GarrysMod\garrysmod\data\svmod\models_tdmcars_bmw_m6_13.mdl.txt
Copied file: C:\Program Files (x86)\Steam\steamapps\common\GarrysMod\garrysmod\data\svmod\models_tdmcars_bowler_exrs.mdl.txt
Copied file: C:\Program Files (x86)\Steam\steamapps\common\GarrysMod\garrysmod\data\svmod\models_tdmcars_bug_eb110.mdl.txt
Copied file: C:\Program Files (x86)\Steam\steamapps\common\GarrysMod\garrysmod\data\svmod\models_tdmcars_bug_veyron.mdl.txt
Copied file: C:\Program Files (x86)\Steam\steamapps\common\GarrysMod\garrysmod\data\svmod\models_tdmcars_bug_veyronss.mdl.txt
Copied file: C:\Program Files (x86)\Steam\steamapps\common\GarrysMod\garrysmod\data\svmod\models_tdmcars_bus.mdl.txt
Copied file: C:\Program Files (x86)\Steam\steamapps\common\GarrysMod\garrysmod\data\svmod\models_tdmcars_cad_escalade.mdl.txt
Copied file: C:\Program Files (x86)\Steam\steamapps\common\GarrysMod\garrysmod\data\svmod\models_tdmcars_cad_lmp.mdl.txt
Copied file: C:\Program Files (x86)\Steam\steamapps\common\GarrysMod\garrysmod\data\svmod\models_tdmcars_cayenne.mdl.txt
Copied file: C:\Program Files (x86)\Steam\steamapps\common\GarrysMod\garrysmod\data\svmod\models_tdmcars_chargersrt8.mdl.txt
Copied file: C:\Program Files (x86)\Steam\steamapps\common\GarrysMod\garrysmod\data\svmod\models_tdmcars_chevelless.mdl.txt
Copied file: C:\Program Files (x86)\Steam\steamapps\common\GarrysMod\garrysmod\data\svmod\models_tdmcars_chev_blazer.mdl.txt
Copied file: C:\Program Files (x86)\Steam\steamapps\common\GarrysMod\garrysmod\data\svmod\models_tdmcars_chev_c10.mdl.txt
Copied file: C:\Program Files (x86)\Steam\steamapps\common\GarrysMod\garrysmod\data\svmod\models_tdmcars_chev_camzl1.mdl.txt
Copied file: C:\Program Files (x86)\Steam\steamapps\common\GarrysMod\garrysmod\data\svmod\models_tdmcars_chev_corv_gsc.mdl.txt
Copied file: C:\Program Files (x86)\Steam\steamapps\common\GarrysMod\garrysmod\data\svmod\models_tdmcars_chev_impala96.mdl.txt
Copied file: C:\Program Files (x86)\Steam\steamapps\common\GarrysMod\garrysmod\data\svmod\models_tdmcars_chev_stingray427.mdl.txt
Copied file: C:\Program Files (x86)\Steam\steamapps\common\GarrysMod\garrysmod\data\svmod\models_tdmcars_chr_300c.mdl.txt
Copied file: C:\Program Files (x86)\Steam\steamapps\common\GarrysMod\garrysmod\data\svmod\models_tdmcars_chr_300c_12.mdl.txt
Copied file: C:\Program Files (x86)\Steam\steamapps\common\GarrysMod\garrysmod\data\svmod\models_tdmcars_chr_ptcruiser.mdl.txt
Copied file: C:\Program Files (x86)\Steam\steamapps\common\GarrysMod\garrysmod\data\svmod\models_tdmcars_civic_typer.mdl.txt
Copied file: C:\Program Files (x86)\Steam\steamapps\common\GarrysMod\garrysmod\data\svmod\models_tdmcars_coltralliart.mdl.txt
Copied file: C:\Program Files (x86)\Steam\steamapps\common\GarrysMod\garrysmod\data\svmod\models_tdmcars_cooper65.mdl.txt
Copied file: C:\Program Files (x86)\Steam\steamapps\common\GarrysMod\garrysmod\data\svmod\models_tdmcars_courier_truck.mdl.txt
Copied file: C:\Program Files (x86)\Steam\steamapps\common\GarrysMod\garrysmod\data\svmod\models_tdmcars_crownvic_taxi.mdl.txt
Copied file: C:\Program Files (x86)\Steam\steamapps\common\GarrysMod\garrysmod\data\svmod\models_tdmcars_dbs.mdl.txt
Copied file: C:\Program Files (x86)\Steam\steamapps\common\GarrysMod\garrysmod\data\svmod\models_tdmcars_del_dmc.mdl.txt
Copied file: C:\Program Files (x86)\Steam\steamapps\common\GarrysMod\garrysmod\data\svmod\models_tdmcars_dodgeram.mdl.txt
Copied file: C:\Program Files (x86)\Steam\steamapps\common\GarrysMod\garrysmod\data\svmod\models_tdmcars_dod_challenger15.mdl.txt
Copied file: C:\Program Files (x86)\Steam\steamapps\common\GarrysMod\garrysmod\data\svmod\models_tdmcars_dod_challenger70.mdl.txt
Copied file: C:\Program Files (x86)\Steam\steamapps\common\GarrysMod\garrysmod\data\svmod\models_tdmcars_dod_charger12.mdl.txt
Copied file: C:\Program Files (x86)\Steam\steamapps\common\GarrysMod\garrysmod\data\svmod\models_tdmcars_dod_ram_1500.mdl.txt
Copied file: C:\Program Files (x86)\Steam\steamapps\common\GarrysMod\garrysmod\data\svmod\models_tdmcars_dod_ram_3500.mdl.txt
Copied file: C:\Program Files (x86)\Steam\steamapps\common\GarrysMod\garrysmod\data\svmod\models_tdmcars_emergency_chargersrt8.mdl.txt
Copied file: C:\Program Files (x86)\Steam\steamapps\common\GarrysMod\garrysmod\data\svmod\models_tdmcars_emergency_dod_charger12.mdl.txt
Copied file: C:\Program Files (x86)\Steam\steamapps\common\GarrysMod\garrysmod\data\svmod\models_tdmcars_emergency_for_crownvic.mdl.txt
Copied file: C:\Program Files (x86)\Steam\steamapps\common\GarrysMod\garrysmod\data\svmod\models_tdmcars_emergency_for_crownvic_fh3.mdl.txt
Copied file: C:\Program Files (x86)\Steam\steamapps\common\GarrysMod\garrysmod\data\svmod\models_tdmcars_emergency_for_taurus_13.mdl.txt
Copied file: C:\Program Files (x86)\Steam\steamapps\common\GarrysMod\garrysmod\data\svmod\models_tdmcars_emergency_lex_is300_jamesmay.mdl.txt
Copied file: C:\Program Files (x86)\Steam\steamapps\common\GarrysMod\garrysmod\data\svmod\models_tdmcars_emergency_mer_eclass.mdl.txt
Copied file: C:\Program Files (x86)\Steam\steamapps\common\GarrysMod\garrysmod\data\svmod\models_tdmcars_emergency_mitsu_evox.mdl.txt
Copied file: C:\Program Files (x86)\Steam\steamapps\common\GarrysMod\garrysmod\data\svmod\models_tdmcars_ferrari250gt.mdl.txt
Copied file: C:\Program Files (x86)\Steam\steamapps\common\GarrysMod\garrysmod\data\svmod\models_tdmcars_ferrari512tr.mdl.txt
Copied file: C:\Program Files (x86)\Steam\steamapps\common\GarrysMod\garrysmod\data\svmod\models_tdmcars_fer_250gto.mdl.txt
Copied file: C:\Program Files (x86)\Steam\steamapps\common\GarrysMod\garrysmod\data\svmod\models_tdmcars_fer_458spid.mdl.txt
Copied file: C:\Program Files (x86)\Steam\steamapps\common\GarrysMod\garrysmod\data\svmod\models_tdmcars_fer_enzo.mdl.txt
Copied file: C:\Program Files (x86)\Steam\steamapps\common\GarrysMod\garrysmod\data\svmod\models_tdmcars_fer_f12.mdl.txt
Copied file: C:\Program Files (x86)\Steam\steamapps\common\GarrysMod\garrysmod\data\svmod\models_tdmcars_fer_f430.mdl.txt
Copied file: C:\Program Files (x86)\Steam\steamapps\common\GarrysMod\garrysmod\data\svmod\models_tdmcars_fer_f50.mdl.txt
Copied file: C:\Program Files (x86)\Steam\steamapps\common\GarrysMod\garrysmod\data\svmod\models_tdmcars_fer_lafer.mdl.txt
Copied file: C:\Program Files (x86)\Steam\steamapps\common\GarrysMod\garrysmod\data\svmod\models_tdmcars_focusrs.mdl.txt
Copied file: C:\Program Files (x86)\Steam\steamapps\common\GarrysMod\garrysmod\data\svmod\models_tdmcars_ford_coupe_40.mdl.txt
Copied file: C:\Program Files (x86)\Steam\steamapps\common\GarrysMod\garrysmod\data\svmod\models_tdmcars_ford_transit.mdl.txt
Copied file: C:\Program Files (x86)\Steam\steamapps\common\GarrysMod\garrysmod\data\svmod\models_tdmcars_for_f100.mdl.txt
Copied file: C:\Program Files (x86)\Steam\steamapps\common\GarrysMod\garrysmod\data\svmod\models_tdmcars_for_f350.mdl.txt
Copied file: C:\Program Files (x86)\Steam\steamapps\common\GarrysMod\garrysmod\data\svmod\models_tdmcars_for_focussvt.mdl.txt
Copied file: C:\Program Files (x86)\Steam\steamapps\common\GarrysMod\garrysmod\data\svmod\models_tdmcars_for_focus_rs16.mdl.txt
Copied file: C:\Program Files (x86)\Steam\steamapps\common\GarrysMod\garrysmod\data\svmod\models_tdmcars_for_mustanggt.mdl.txt
Copied file: C:\Program Files (x86)\Steam\steamapps\common\GarrysMod\garrysmod\data\svmod\models_tdmcars_for_raptor.mdl.txt
Copied file: C:\Program Files (x86)\Steam\steamapps\common\GarrysMod\garrysmod\data\svmod\models_tdmcars_for_she_gt500.mdl.txt
Copied file: C:\Program Files (x86)\Steam\steamapps\common\GarrysMod\garrysmod\data\svmod\models_tdmcars_gallardo.mdl.txt
Copied file: C:\Program Files (x86)\Steam\steamapps\common\GarrysMod\garrysmod\data\svmod\models_tdmcars_gmcvan.mdl.txt
Copied file: C:\Program Files (x86)\Steam\steamapps\common\GarrysMod\garrysmod\data\svmod\models_tdmcars_gmc_sierra.mdl.txt
Copied file: C:\Program Files (x86)\Steam\steamapps\common\GarrysMod\garrysmod\data\svmod\models_tdmcars_gmc_sierralow.mdl.txt
Copied file: C:\Program Files (x86)\Steam\steamapps\common\GarrysMod\garrysmod\data\svmod\models_tdmcars_gmc_syclone.mdl.txt
Copied file: C:\Program Files (x86)\Steam\steamapps\common\GarrysMod\garrysmod\data\svmod\models_tdmcars_golfvr6_mk3.mdl.txt
Copied file: C:\Program Files (x86)\Steam\steamapps\common\GarrysMod\garrysmod\data\svmod\models_tdmcars_golf_mk2.mdl.txt
Copied file: C:\Program Files (x86)\Steam\steamapps\common\GarrysMod\garrysmod\data\svmod\models_tdmcars_gt05.mdl.txt
Copied file: C:\Program Files (x86)\Steam\steamapps\common\GarrysMod\garrysmod\data\svmod\models_tdmcars_gtaiv_airtug.mdl.txt
Copied file: C:\Program Files (x86)\Steam\steamapps\common\GarrysMod\garrysmod\data\svmod\models_tdmcars_gtav_adder.mdl.txt
Copied file: C:\Program Files (x86)\Steam\steamapps\common\GarrysMod\garrysmod\data\svmod\models_tdmcars_gtav_ambulance.mdl.txt
Copied file: C:\Program Files (x86)\Steam\steamapps\common\GarrysMod\garrysmod\data\svmod\models_tdmcars_gtav_baletrailer.mdl.txt
Copied file: C:\Program Files (x86)\Steam\steamapps\common\GarrysMod\garrysmod\data\svmod\models_tdmcars_gtav_bati.mdl.txt
Copied file: C:\Program Files (x86)\Steam\steamapps\common\GarrysMod\garrysmod\data\svmod\models_tdmcars_gtav_bmx.mdl.txt
Copied file: C:\Program Files (x86)\Steam\steamapps\common\GarrysMod\garrysmod\data\svmod\models_tdmcars_gtav_bus.mdl.txt
Copied file: C:\Program Files (x86)\Steam\steamapps\common\GarrysMod\garrysmod\data\svmod\models_tdmcars_gtav_camper.mdl.txt
Copied file: C:\Program Files (x86)\Steam\steamapps\common\GarrysMod\garrysmod\data\svmod\models_tdmcars_gtav_camper_trailer.mdl.txt
Copied file: C:\Program Files (x86)\Steam\steamapps\common\GarrysMod\garrysmod\data\svmod\models_tdmcars_gtav_futo.mdl.txt
Copied file: C:\Program Files (x86)\Steam\steamapps\common\GarrysMod\garrysmod\data\svmod\models_tdmcars_gtav_gauntlet.mdl.txt
Copied file: C:\Program Files (x86)\Steam\steamapps\common\GarrysMod\garrysmod\data\svmod\models_tdmcars_gtav_mesa3.mdl.txt
Copied file: C:\Program Files (x86)\Steam\steamapps\common\GarrysMod\garrysmod\data\svmod\models_tdmcars_gtav_nemesis.mdl.txt
Copied file: C:\Program Files (x86)\Steam\steamapps\common\GarrysMod\garrysmod\data\svmod\models_tdmcars_gtav_patriot2.mdl.txt
Copied file: C:\Program Files (x86)\Steam\steamapps\common\GarrysMod\garrysmod\data\svmod\models_tdmcars_gtav_police.mdl.txt
Copied file: C:\Program Files (x86)\Steam\steamapps\common\GarrysMod\garrysmod\data\svmod\models_tdmcars_gtav_police3.mdl.txt
Copied file: C:\Program Files (x86)\Steam\steamapps\common\GarrysMod\garrysmod\data\svmod\models_tdmcars_gtav_police4.mdl.txt
Copied file: C:\Program Files (x86)\Steam\steamapps\common\GarrysMod\garrysmod\data\svmod\models_tdmcars_gtav_policeb.mdl.txt
Copied file: C:\Program Files (x86)\Steam\steamapps\common\GarrysMod\garrysmod\data\svmod\models_tdmcars_gtav_rebel.mdl.txt
Copied file: C:\Program Files (x86)\Steam\steamapps\common\GarrysMod\garrysmod\data\svmod\models_tdmcars_gtav_riot.mdl.txt
Copied file: C:\Program Files (x86)\Steam\steamapps\common\GarrysMod\garrysmod\data\svmod\models_tdmcars_gtav_tractor.mdl.txt
Copied file: C:\Program Files (x86)\Steam\steamapps\common\GarrysMod\garrysmod\data\svmod\models_tdmcars_gtav_tribike.mdl.txt
Copied file: C:\Program Files (x86)\Steam\steamapps\common\GarrysMod\garrysmod\data\svmod\models_tdmcars_gtav_turismor.mdl.txt
Copied file: C:\Program Files (x86)\Steam\steamapps\common\GarrysMod\garrysmod\data\svmod\models_tdmcars_gtav_utillitruck.mdl.txt
Copied file: C:\Program Files (x86)\Steam\steamapps\common\GarrysMod\garrysmod\data\svmod\models_tdmcars_gtav_zentorno.mdl.txt
Copied file: C:\Program Files (x86)\Steam\steamapps\common\GarrysMod\garrysmod\data\svmod\models_tdmcars_hon_civic97.mdl.txt
Copied file: C:\Program Files (x86)\Steam\steamapps\common\GarrysMod\garrysmod\data\svmod\models_tdmcars_hon_crxsir.mdl.txt
Copied file: C:\Program Files (x86)\Steam\steamapps\common\GarrysMod\garrysmod\data\svmod\models_tdmcars_hon_s2000.mdl.txt
Copied file: C:\Program Files (x86)\Steam\steamapps\common\GarrysMod\garrysmod\data\svmod\models_tdmcars_hsvgts.mdl.txt
Copied file: C:\Program Files (x86)\Steam\steamapps\common\GarrysMod\garrysmod\data\svmod\models_tdmcars_hsvw427.mdl.txt
Copied file: C:\Program Files (x86)\Steam\steamapps\common\GarrysMod\garrysmod\data\svmod\models_tdmcars_hsvw427_pol.mdl.txt
Copied file: C:\Program Files (x86)\Steam\steamapps\common\GarrysMod\garrysmod\data\svmod\models_tdmcars_hud_hornet.mdl.txt
Copied file: C:\Program Files (x86)\Steam\steamapps\common\GarrysMod\garrysmod\data\svmod\models_tdmcars_hummerh1.mdl.txt
Copied file: C:\Program Files (x86)\Steam\steamapps\common\GarrysMod\garrysmod\data\svmod\models_tdmcars_hummerh1_open.mdl.txt
Copied file: C:\Program Files (x86)\Steam\steamapps\common\GarrysMod\garrysmod\data\svmod\models_tdmcars_jag_etype.mdl.txt
Copied file: C:\Program Files (x86)\Steam\steamapps\common\GarrysMod\garrysmod\data\svmod\models_tdmcars_jag_ftype.mdl.txt
Copied file: C:\Program Files (x86)\Steam\steamapps\common\GarrysMod\garrysmod\data\svmod\models_tdmcars_jeep_grandche.mdl.txt
Copied file: C:\Program Files (x86)\Steam\steamapps\common\GarrysMod\garrysmod\data\svmod\models_tdmcars_jeep_wrangler88.mdl.txt
Copied file: C:\Program Files (x86)\Steam\steamapps\common\GarrysMod\garrysmod\data\svmod\models_tdmcars_jeep_wrangler_fnf.mdl.txt
Copied file: C:\Program Files (x86)\Steam\steamapps\common\GarrysMod\garrysmod\data\svmod\models_tdmcars_jee_willys.mdl.txt
Copied file: C:\Program Files (x86)\Steam\steamapps\common\GarrysMod\garrysmod\data\svmod\models_tdmcars_kia_ceed.mdl.txt
Copied file: C:\Program Files (x86)\Steam\steamapps\common\GarrysMod\garrysmod\data\svmod\models_tdmcars_kia_fortekoup.mdl.txt
Copied file: C:\Program Files (x86)\Steam\steamapps\common\GarrysMod\garrysmod\data\svmod\models_tdmcars_ktm_xbow.mdl.txt
Copied file: C:\Program Files (x86)\Steam\steamapps\common\GarrysMod\garrysmod\data\svmod\models_tdmcars_lambo_diablo.mdl.txt
Copied file: C:\Program Files (x86)\Steam\steamapps\common\GarrysMod\garrysmod\data\svmod\models_tdmcars_lambo_miuracon.mdl.txt
Copied file: C:\Program Files (x86)\Steam\steamapps\common\GarrysMod\garrysmod\data\svmod\models_tdmcars_lambo_murcielagosv.mdl.txt
Copied file: C:\Program Files (x86)\Steam\steamapps\common\GarrysMod\garrysmod\data\svmod\models_tdmcars_lam_gallardospyd.mdl.txt
Copied file: C:\Program Files (x86)\Steam\steamapps\common\GarrysMod\garrysmod\data\svmod\models_tdmcars_lam_miura_p400.mdl.txt
Copied file: C:\Program Files (x86)\Steam\steamapps\common\GarrysMod\garrysmod\data\svmod\models_tdmcars_landrover.mdl.txt
Copied file: C:\Program Files (x86)\Steam\steamapps\common\GarrysMod\garrysmod\data\svmod\models_tdmcars_landrover12.mdl.txt
Copied file: C:\Program Files (x86)\Steam\steamapps\common\GarrysMod\garrysmod\data\svmod\models_tdmcars_landrover_defender.mdl.txt
Copied file: C:\Program Files (x86)\Steam\steamapps\common\GarrysMod\garrysmod\data\svmod\models_tdmcars_lex_is300.mdl.txt
Copied file: C:\Program Files (x86)\Steam\steamapps\common\GarrysMod\garrysmod\data\svmod\models_tdmcars_lex_isf.mdl.txt
Copied file: C:\Program Files (x86)\Steam\steamapps\common\GarrysMod\garrysmod\data\svmod\models_tdmcars_mas_ghibli.mdl.txt
Copied file: C:\Program Files (x86)\Steam\steamapps\common\GarrysMod\garrysmod\data\svmod\models_tdmcars_mas_quattroporte.mdl.txt
Copied file: C:\Program Files (x86)\Steam\steamapps\common\GarrysMod\garrysmod\data\svmod\models_tdmcars_maz_furai.mdl.txt
Copied file: C:\Program Files (x86)\Steam\steamapps\common\GarrysMod\garrysmod\data\svmod\models_tdmcars_maz_rx7.mdl.txt
Copied file: C:\Program Files (x86)\Steam\steamapps\common\GarrysMod\garrysmod\data\svmod\models_tdmcars_maz_speed3.mdl.txt
Copied file: C:\Program Files (x86)\Steam\steamapps\common\GarrysMod\garrysmod\data\svmod\models_tdmcars_mclaren_f1.mdl.txt
Copied file: C:\Program Files (x86)\Steam\steamapps\common\GarrysMod\garrysmod\data\svmod\models_tdmcars_mclaren_mp412cgt3.mdl.txt
Copied file: C:\Program Files (x86)\Steam\steamapps\common\GarrysMod\garrysmod\data\svmod\models_tdmcars_mclaren_p1.mdl.txt
Copied file: C:\Program Files (x86)\Steam\steamapps\common\GarrysMod\garrysmod\data\svmod\models_tdmcars_mercedes_c32.mdl.txt
Copied file: C:\Program Files (x86)\Steam\steamapps\common\GarrysMod\garrysmod\data\svmod\models_tdmcars_mer_300sel.mdl.txt
Copied file: C:\Program Files (x86)\Steam\steamapps\common\GarrysMod\garrysmod\data\svmod\models_tdmcars_mer_300slgull.mdl.txt
Copied file: C:\Program Files (x86)\Steam\steamapps\common\GarrysMod\garrysmod\data\svmod\models_tdmcars_mer_e63.mdl.txt
Copied file: C:\Program Files (x86)\Steam\steamapps\common\GarrysMod\garrysmod\data\svmod\models_tdmcars_mer_ml63.mdl.txt
Copied file: C:\Program Files (x86)\Steam\steamapps\common\GarrysMod\garrysmod\data\svmod\models_tdmcars_mer_slr.mdl.txt
Copied file: C:\Program Files (x86)\Steam\steamapps\common\GarrysMod\garrysmod\data\svmod\models_tdmcars_mer_slsamg.mdl.txt
Copied file: C:\Program Files (x86)\Steam\steamapps\common\GarrysMod\garrysmod\data\svmod\models_tdmcars_minicooper_offroad.mdl.txt
Copied file: C:\Program Files (x86)\Steam\steamapps\common\GarrysMod\garrysmod\data\svmod\models_tdmcars_mini_clubman.mdl.txt
Copied file: C:\Program Files (x86)\Steam\steamapps\common\GarrysMod\garrysmod\data\svmod\models_tdmcars_mini_coopers11.mdl.txt
Copied file: C:\Program Files (x86)\Steam\steamapps\common\GarrysMod\garrysmod\data\svmod\models_tdmcars_mini_coupe.mdl.txt
Copied file: C:\Program Files (x86)\Steam\steamapps\common\GarrysMod\garrysmod\data\svmod\models_tdmcars_mitsu_eclipgt.mdl.txt
Copied file: C:\Program Files (x86)\Steam\steamapps\common\GarrysMod\garrysmod\data\svmod\models_tdmcars_mitsu_evo8.mdl.txt
Copied file: C:\Program Files (x86)\Steam\steamapps\common\GarrysMod\garrysmod\data\svmod\models_tdmcars_mitsu_evox.mdl.txt
Copied file: C:\Program Files (x86)\Steam\steamapps\common\GarrysMod\garrysmod\data\svmod\models_tdmcars_mit_eclipsegsx.mdl.txt
Copied file: C:\Program Files (x86)\Steam\steamapps\common\GarrysMod\garrysmod\data\svmod\models_tdmcars_morg_aeross.mdl.txt
Copied file: C:\Program Files (x86)\Steam\steamapps\common\GarrysMod\garrysmod\data\svmod\models_tdmcars_murcielago.mdl.txt
Copied file: C:\Program Files (x86)\Steam\steamapps\common\GarrysMod\garrysmod\data\svmod\models_tdmcars_mx5.mdl.txt
Copied file: C:\Program Files (x86)\Steam\steamapps\common\GarrysMod\garrysmod\data\svmod\models_tdmcars_nissan_gtr.mdl.txt
Copied file: C:\Program Files (x86)\Steam\steamapps\common\GarrysMod\garrysmod\data\svmod\models_tdmcars_nissan_silvias15.mdl.txt
Copied file: C:\Program Files (x86)\Steam\steamapps\common\GarrysMod\garrysmod\data\svmod\models_tdmcars_nis_370z.mdl.txt
Copied file: C:\Program Files (x86)\Steam\steamapps\common\GarrysMod\garrysmod\data\svmod\models_tdmcars_nis_leaf.mdl.txt
Copied file: C:\Program Files (x86)\Steam\steamapps\common\GarrysMod\garrysmod\data\svmod\models_tdmcars_noblem600.mdl.txt
Copied file: C:\Program Files (x86)\Steam\steamapps\common\GarrysMod\garrysmod\data\svmod\models_tdmcars_pon_fierogt.mdl.txt
Copied file: C:\Program Files (x86)\Steam\steamapps\common\GarrysMod\garrysmod\data\svmod\models_tdmcars_pon_firetransam.mdl.txt
Copied file: C:\Program Files (x86)\Steam\steamapps\common\GarrysMod\garrysmod\data\svmod\models_tdmcars_por_918.mdl.txt
Copied file: C:\Program Files (x86)\Steam\steamapps\common\GarrysMod\garrysmod\data\svmod\models_tdmcars_por_carreragt.mdl.txt
Copied file: C:\Program Files (x86)\Steam\steamapps\common\GarrysMod\garrysmod\data\svmod\models_tdmcars_por_cayenne12.mdl.txt
Copied file: C:\Program Files (x86)\Steam\steamapps\common\GarrysMod\garrysmod\data\svmod\models_tdmcars_por_gt3rsr.mdl.txt
Copied file: C:\Program Files (x86)\Steam\steamapps\common\GarrysMod\garrysmod\data\svmod\models_tdmcars_por_tricycle.mdl.txt
Copied file: C:\Program Files (x86)\Steam\steamapps\common\GarrysMod\garrysmod\data\svmod\models_tdmcars_prius.mdl.txt
Copied file: C:\Program Files (x86)\Steam\steamapps\common\GarrysMod\garrysmod\data\svmod\models_tdmcars_reventon_roadster.mdl.txt
Copied file: C:\Program Files (x86)\Steam\steamapps\common\GarrysMod\garrysmod\data\svmod\models_tdmcars_rx8.mdl.txt
Copied file: C:\Program Files (x86)\Steam\steamapps\common\GarrysMod\garrysmod\data\svmod\models_tdmcars_s5.mdl.txt
Copied file: C:\Program Files (x86)\Steam\steamapps\common\GarrysMod\garrysmod\data\svmod\models_tdmcars_scion_frs.mdl.txt
Copied file: C:\Program Files (x86)\Steam\steamapps\common\GarrysMod\garrysmod\data\svmod\models_tdmcars_scion_tc.mdl.txt
Copied file: C:\Program Files (x86)\Steam\steamapps\common\GarrysMod\garrysmod\data\svmod\models_tdmcars_scion_xd.mdl.txt
Copied file: C:\Program Files (x86)\Steam\steamapps\common\GarrysMod\garrysmod\data\svmod\models_tdmcars_skyline_r34.mdl.txt
Copied file: C:\Program Files (x86)\Steam\steamapps\common\GarrysMod\garrysmod\data\svmod\models_tdmcars_sl65amg.mdl.txt
Copied file: C:\Program Files (x86)\Steam\steamapps\common\GarrysMod\garrysmod\data\svmod\models_tdmcars_spark.mdl.txt
Copied file: C:\Program Files (x86)\Steam\steamapps\common\GarrysMod\garrysmod\data\svmod\models_tdmcars_sub_legacygt10.mdl.txt
Copied file: C:\Program Files (x86)\Steam\steamapps\common\GarrysMod\garrysmod\data\svmod\models_tdmcars_sub_legacyrs90.mdl.txt
Copied file: C:\Program Files (x86)\Steam\steamapps\common\GarrysMod\garrysmod\data\svmod\models_tdmcars_sub_wrxsti05.mdl.txt
Copied file: C:\Program Files (x86)\Steam\steamapps\common\GarrysMod\garrysmod\data\svmod\models_tdmcars_sub_wrxsti08.mdl.txt
Copied file: C:\Program Files (x86)\Steam\steamapps\common\GarrysMod\garrysmod\data\svmod\models_tdmcars_supra.mdl.txt
Copied file: C:\Program Files (x86)\Steam\steamapps\common\GarrysMod\garrysmod\data\svmod\models_tdmcars_tesla_models.mdl.txt
Copied file: C:\Program Files (x86)\Steam\steamapps\common\GarrysMod\garrysmod\data\svmod\models_tdmcars_toy_fj.mdl.txt
Copied file: C:\Program Files (x86)\Steam\steamapps\common\GarrysMod\garrysmod\data\svmod\models_tdmcars_toy_mr2gt.mdl.txt
Copied file: C:\Program Files (x86)\Steam\steamapps\common\GarrysMod\garrysmod\data\svmod\models_tdmcars_toy_rav4.mdl.txt
Copied file: C:\Program Files (x86)\Steam\steamapps\common\GarrysMod\garrysmod\data\svmod\models_tdmcars_toy_tundra.mdl.txt
Copied file: C:\Program Files (x86)\Steam\steamapps\common\GarrysMod\garrysmod\data\svmod\models_tdmcars_trucks_freight_argosy.mdl.txt
Copied file: C:\Program Files (x86)\Steam\steamapps\common\GarrysMod\garrysmod\data\svmod\models_tdmcars_trucks_gmc_c5500.mdl.txt
Copied file: C:\Program Files (x86)\Steam\steamapps\common\GarrysMod\garrysmod\data\svmod\models_tdmcars_trucks_kenworth_t800.mdl.txt
Copied file: C:\Program Files (x86)\Steam\steamapps\common\GarrysMod\garrysmod\data\svmod\models_tdmcars_trucks_peterbilt_579.mdl.txt
Copied file: C:\Program Files (x86)\Steam\steamapps\common\GarrysMod\garrysmod\data\svmod\models_tdmcars_trucks_peterbilt_579_med.mdl.txt
Copied file: C:\Program Files (x86)\Steam\steamapps\common\GarrysMod\garrysmod\data\svmod\models_tdmcars_trucks_scania_4x2.mdl.txt
Copied file: C:\Program Files (x86)\Steam\steamapps\common\GarrysMod\garrysmod\data\svmod\models_tdmcars_trucks_scania_4x2_nojiggle.mdl.txt
Copied file: C:\Program Files (x86)\Steam\steamapps\common\GarrysMod\garrysmod\data\svmod\models_tdmcars_trucks_scania_firetruck.mdl.txt
Copied file: C:\Program Files (x86)\Steam\steamapps\common\GarrysMod\garrysmod\data\svmod\models_tdmcars_trucks_vol_fh1612_long.mdl.txt
Copied file: C:\Program Files (x86)\Steam\steamapps\common\GarrysMod\garrysmod\data\svmod\models_tdmcars_trucks_vol_fh1612_short.mdl.txt
Copied file: C:\Program Files (x86)\Steam\steamapps\common\GarrysMod\garrysmod\data\svmod\models_tdmcars_vaux_agila.mdl.txt
Copied file: C:\Program Files (x86)\Steam\steamapps\common\GarrysMod\garrysmod\data\svmod\models_tdmcars_vaux_astra12.mdl.txt
Copied file: C:\Program Files (x86)\Steam\steamapps\common\GarrysMod\garrysmod\data\svmod\models_tdmcars_vaux_corsa.mdl.txt
Copied file: C:\Program Files (x86)\Steam\steamapps\common\GarrysMod\garrysmod\data\svmod\models_tdmcars_vaux_insignia.mdl.txt
Copied file: C:\Program Files (x86)\Steam\steamapps\common\GarrysMod\garrysmod\data\svmod\models_tdmcars_vip_viper.mdl.txt
Copied file: C:\Program Files (x86)\Steam\steamapps\common\GarrysMod\garrysmod\data\svmod\models_tdmcars_vol_850r.mdl.txt
Copied file: C:\Program Files (x86)\Steam\steamapps\common\GarrysMod\garrysmod\data\svmod\models_tdmcars_vol_s60.mdl.txt
Copied file: C:\Program Files (x86)\Steam\steamapps\common\GarrysMod\garrysmod\data\svmod\models_tdmcars_vol_xc70.mdl.txt
Copied file: C:\Program Files (x86)\Steam\steamapps\common\GarrysMod\garrysmod\data\svmod\models_tdmcars_vol_xc90.mdl.txt
Copied file: C:\Program Files (x86)\Steam\steamapps\common\GarrysMod\garrysmod\data\svmod\models_tdmcars_vw_beetleconv.mdl.txt
Copied file: C:\Program Files (x86)\Steam\steamapps\common\GarrysMod\garrysmod\data\svmod\models_tdmcars_vw_camper65.mdl.txt
Copied file: C:\Program Files (x86)\Steam\steamapps\common\GarrysMod\garrysmod\data\svmod\models_tdmcars_vw_golfgti_14.mdl.txt
Copied file: C:\Program Files (x86)\Steam\steamapps\common\GarrysMod\garrysmod\data\svmod\models_tdmcars_vw_golfr32.mdl.txt
Copied file: C:\Program Files (x86)\Steam\steamapps\common\GarrysMod\garrysmod\data\svmod\models_tdmcars_vw_sciroccor.mdl.txt
Copied file: C:\Program Files (x86)\Steam\steamapps\common\GarrysMod\garrysmod\data\svmod\models_tdmcars_wrangler.mdl.txt
Copied file: C:\Program Files (x86)\Steam\steamapps\common\GarrysMod\garrysmod\data\svmod\models_tdmcars_zen_st1.mdl.txt
Copied file: C:\Program Files (x86)\Steam\steamapps\common\GarrysMod\garrysmod\data\svmod\models_tdmcars_zondac12.mdl.txt
Copied file: C:\Program Files (x86)\Steam\steamapps\common\GarrysMod\garrysmod\data\svmod\models_tdmcars_zondagr.mdl.txt
Copied file: C:\Program Files (x86)\Steam\steamapps\common\GarrysMod\garrysmod\data\svmod\models_tru_yacht_a.mdl.txt
Copied file: C:\Program Files (x86)\Steam\steamapps\common\GarrysMod\garrysmod\data\svmod\models_tru_yacht_b.mdl.txt
Copied file: C:\Program Files (x86)\Steam\steamapps\common\GarrysMod\garrysmod\data\svmod\models_valvizvehicles_dodge_ram_2500.mdl.txt
Copied file: C:\Program Files (x86)\Steam\steamapps\common\GarrysMod\garrysmod\data\svmod\models_vehicle.mdl.txt
Copied file: C:\Program Files (x86)\Steam\steamapps\common\GarrysMod\garrysmod\data\svmod\server_1_4_0.txt
Created folder: backup-10-19-2024-14-00-26\trackassembly\dsv
Created folder: backup-10-19-2024-14-00-26\trackassembly\exp
Created folder: backup-10-19-2024-14-00-26\trackassembly\set
Copied file: C:\Program Files (x86)\Steam\steamapps\common\GarrysMod\garrysmod\data\trackassembly\dsv\shinji85_s_railstrackassembly_additions.txt
Copied file: C:\Program Files (x86)\Steam\steamapps\common\GarrysMod\garrysmod\data\trackassembly\dsv\shinji85_s_railstrackassembly_category.txt
Copied file: C:\Program Files (x86)\Steam\steamapps\common\GarrysMod\garrysmod\data\trackassembly\dsv\shinji85_s_railstrackassembly_pieces.txt
Copied file: C:\Program Files (x86)\Steam\steamapps\common\GarrysMod\garrysmod\data\trackassembly\exp\shinji85_s_railstrackassembly_additions.txt
Copied file: C:\Program Files (x86)\Steam\steamapps\common\GarrysMod\garrysmod\data\trackassembly\exp\shinji85_s_railstrackassembly_pieces.txt
Copied file: C:\Program Files (x86)\Steam\steamapps\common\GarrysMod\garrysmod\data\trackassembly\set\trackasmlib_dsv.txt
Copied file: C:\Program Files (x86)\Steam\steamapps\common\GarrysMod\garrysmod\data\ulib\groups.txt
Copied file: C:\Program Files (x86)\Steam\steamapps\common\GarrysMod\garrysmod\data\ulib\misc_registered.txt
Copied file: C:\Program Files (x86)\Steam\steamapps\common\GarrysMod\garrysmod\data\ulx\adverts.txt
Copied file: C:\Program Files (x86)\Steam\steamapps\common\GarrysMod\garrysmod\data\ulx\banmessage.txt
Copied file: C:\Program Files (x86)\Steam\steamapps\common\GarrysMod\garrysmod\data\ulx\banreasons.txt
Copied file: C:\Program Files (x86)\Steam\steamapps\common\GarrysMod\garrysmod\data\ulx\config.txt
Copied file: C:\Program Files (x86)\Steam\steamapps\common\GarrysMod\garrysmod\data\ulx\downloads.txt
Copied file: C:\Program Files (x86)\Steam\steamapps\common\GarrysMod\garrysmod\data\ulx\gimps.txt
Copied file: C:\Program Files (x86)\Steam\steamapps\common\GarrysMod\garrysmod\data\ulx\motd.txt
Copied file: C:\Program Files (x86)\Steam\steamapps\common\GarrysMod\garrysmod\data\ulx\sbox_limits.txt
Copied file: C:\Program Files (x86)\Steam\steamapps\common\GarrysMod\garrysmod\data\ulx\votemaps.txt
Copied file: C:\Program Files (x86)\Steam\steamapps\common\GarrysMod\garrysmod\data\ulx_logs\01-28-24.txt
Copied file: C:\Program Files (x86)\Steam\steamapps\common\GarrysMod\garrysmod\data\ulx_logs\12-29-23.txt
Copied file: C:\Program Files (x86)\Steam\steamapps\common\GarrysMod\garrysmod\data\ulx_logs\12-30-23.txt
Created folder: backup-10-19-2024-14-00-26\vcmod\data_lng
Copied file: C:\Program Files (x86)\Steam\steamapps\common\GarrysMod\garrysmod\data\vcmod\controls.txt
Copied file: C:\Program Files (x86)\Steam\steamapps\common\GarrysMod\garrysmod\data\vcmod\dataserver.txt
Copied file: C:\Program Files (x86)\Steam\steamapps\common\GarrysMod\garrysmod\data\vcmod\settings_cl.txt
Copied file: C:\Program Files (x86)\Steam\steamapps\common\GarrysMod\garrysmod\data\vcmod\data_lng\cn_24.txt
Copied file: C:\Program Files (x86)\Steam\steamapps\common\GarrysMod\garrysmod\data\vcmod\data_lng\cz_16.txt
Copied file: C:\Program Files (x86)\Steam\steamapps\common\GarrysMod\garrysmod\data\vcmod\data_lng\da_53.txt
Copied file: C:\Program Files (x86)\Steam\steamapps\common\GarrysMod\garrysmod\data\vcmod\data_lng\de_93.txt
Copied file: C:\Program Files (x86)\Steam\steamapps\common\GarrysMod\garrysmod\data\vcmod\data_lng\es_42.txt
Copied file: C:\Program Files (x86)\Steam\steamapps\common\GarrysMod\garrysmod\data\vcmod\data_lng\fi_30.txt
Copied file: C:\Program Files (x86)\Steam\steamapps\common\GarrysMod\garrysmod\data\vcmod\data_lng\fr_132.txt
Copied file: C:\Program Files (x86)\Steam\steamapps\common\GarrysMod\garrysmod\data\vcmod\data_lng\hu_29.txt
Copied file: C:\Program Files (x86)\Steam\steamapps\common\GarrysMod\garrysmod\data\vcmod\data_lng\it_41.txt
Copied file: C:\Program Files (x86)\Steam\steamapps\common\GarrysMod\garrysmod\data\vcmod\data_lng\jp_10.txt
Copied file: C:\Program Files (x86)\Steam\steamapps\common\GarrysMod\garrysmod\data\vcmod\data_lng\ko_65.txt
Copied file: C:\Program Files (x86)\Steam\steamapps\common\GarrysMod\garrysmod\data\vcmod\data_lng\lt_93.txt
Copied file: C:\Program Files (x86)\Steam\steamapps\common\GarrysMod\garrysmod\data\vcmod\data_lng\lv_5.txt
Copied file: C:\Program Files (x86)\Steam\steamapps\common\GarrysMod\garrysmod\data\vcmod\data_lng\no_50.txt
Copied file: C:\Program Files (x86)\Steam\steamapps\common\GarrysMod\garrysmod\data\vcmod\data_lng\pl_56.txt
Copied file: C:\Program Files (x86)\Steam\steamapps\common\GarrysMod\garrysmod\data\vcmod\data_lng\pt_31.txt
Copied file: C:\Program Files (x86)\Steam\steamapps\common\GarrysMod\garrysmod\data\vcmod\data_lng\ru_72.txt
Copied file: C:\Program Files (x86)\Steam\steamapps\common\GarrysMod\garrysmod\data\vcmod\data_lng\se_38.txt
Copied file: C:\Program Files (x86)\Steam\steamapps\common\GarrysMod\garrysmod\data\vcmod\data_lng\sk_3.txt
Copied file: C:\Program Files (x86)\Steam\steamapps\common\GarrysMod\garrysmod\data\vcmod\data_lng\th_43.txt
Copied file: C:\Program Files (x86)\Steam\steamapps\common\GarrysMod\garrysmod\data\vcmod\data_lng\tr_48.txt
Copied file: C:\Program Files (x86)\Steam\steamapps\common\GarrysMod\garrysmod\data\vcmod\data_lng\tw_35.txt
Copied file: C:\Program Files (x86)\Steam\steamapps\common\GarrysMod\garrysmod\data\vrmod\vrmod_action_manifest.txt
Copied file: C:\Program Files (x86)\Steam\steamapps\common\GarrysMod\garrysmod\data\vrmod\vrmod_bindings_holographic_controller.txt
Copied file: C:\Program Files (x86)\Steam\steamapps\common\GarrysMod\garrysmod\data\vrmod\vrmod_bindings_knuckles.txt
Copied file: C:\Program Files (x86)\Steam\steamapps\common\GarrysMod\garrysmod\data\vrmod\vrmod_bindings_oculus_touch.txt
Copied file: C:\Program Files (x86)\Steam\steamapps\common\GarrysMod\garrysmod\data\vrmod\vrmod_bindings_vive_controller.txt
Copied file: C:\Program Files (x86)\Steam\steamapps\common\GarrysMod\garrysmod\data\vrmod\vrmod_bindings_vive_cosmos_controller.txt
Copied file: C:\Program Files (x86)\Steam\steamapps\common\GarrysMod\garrysmod\data\vrmod\vrmod_bindings_vive_tracker_left_foot.txt
Copied file: C:\Program Files (x86)\Steam\steamapps\common\GarrysMod\garrysmod\data\vrmod\vrmod_bindings_vive_tracker_right_foot.txt
Copied file: C:\Program Files (x86)\Steam\steamapps\common\GarrysMod\garrysmod\data\vrmod\vrmod_bindings_vive_tracker_waist.txt
Created folder: backup-10-19-2024-14-00-26\wire_extras\icons
Copied file: C:\Program Files (x86)\Steam\steamapps\common\GarrysMod\garrysmod\data\wire_extras\icons\logo.png

Backup completed at 10-19-2024 14:00:32
